sample_id,bloque,tratamiento,genotipo,tipo_dato,variable,value,layer
TRIGO_G1_B1_Ctrl,Bloque_1,Control,G1,simulado,A_net,24.45,Fisiología
TRIGO_G1_B1_Ctrl,Bloque_1,Control,G1,simulado,gs,0.372,Fisiología
TRIGO_G1_B1_Ctrl,Bloque_1,Control,G1,simulado,Ci,216.7,Fisiología
TRIGO_G1_B1_Ctrl,Bloque_1,Control,G1,simulado,E,4.81,Fisiología
TRIGO_G1_B1_Ctrl,Bloque_1,Control,G1,simulado,Fv_Fm,0.81,Fisiología
TRIGO_G1_B1_Ctrl,Bloque_1,Control,G1,simulado,SPAD,45.5,Fisiología
TRIGO_G1_B1_Ctrl,Bloque_1,Control,G1,simulado,CTD,4.18,Fisiología
TRIGO_G1_B1_Ctrl,Bloque_1,Control,G1,simulado,K_mg_g,38.17,Ionómica
TRIGO_G1_B1_Ctrl,Bloque_1,Control,G1,simulado,Na_mg_g,1.21,Ionómica
TRIGO_G1_B1_Ctrl,Bloque_1,Control,G1,simulado,Ca_mg_g,8.71,Ionómica
TRIGO_G1_B1_Ctrl,Bloque_1,Control,G1,simulado,Mg_mg_g,2.88,Ionómica
TRIGO_G1_B1_Ctrl,Bloque_1,Control,G1,simulado,P_mg_g,4.2,Ionómica
TRIGO_G1_B1_Ctrl,Bloque_1,Control,G1,simulado,Fe_ug_g,109.2,Ionómica
TRIGO_G1_B1_Ctrl,Bloque_1,Control,G1,simulado,Zn_ug_g,37.8,Ionómica
TRIGO_G1_B1_Ctrl,Bloque_1,Control,G1,simulado,Mn_ug_g,66,Ionómica
TRIGO_G1_B1_Ctrl,Bloque_1,Control,G1,simulado,Glucosa,106.46,Metabolómica
TRIGO_G1_B1_Ctrl,Bloque_1,Control,G1,simulado,Fructosa,75.64,Metabolómica
TRIGO_G1_B1_Ctrl,Bloque_1,Control,G1,simulado,Sacarosa,93.55,Metabolómica
TRIGO_G1_B1_Ctrl,Bloque_1,Control,G1,simulado,Rafinosa,24.95,Metabolómica
TRIGO_G1_B1_Ctrl,Bloque_1,Control,G1,simulado,Prolina,42.05,Metabolómica
TRIGO_G1_B1_Ctrl,Bloque_1,Control,G1,simulado,GABA,48.2,Metabolómica
TRIGO_G1_B1_Ctrl,Bloque_1,Control,G1,simulado,Malato,57.36,Metabolómica
TRIGO_G1_B1_Ctrl,Bloque_1,Control,G1,simulado,Citrato,61.72,Metabolómica
TRIGO_G2_B1_Ctrl,Bloque_1,Control,G2,simulado,A_net,20.88,Fisiología
TRIGO_G2_B1_Ctrl,Bloque_1,Control,G2,simulado,gs,0.305,Fisiología
TRIGO_G2_B1_Ctrl,Bloque_1,Control,G2,simulado,Ci,225.4,Fisiología
TRIGO_G2_B1_Ctrl,Bloque_1,Control,G2,simulado,E,3.63,Fisiología
TRIGO_G2_B1_Ctrl,Bloque_1,Control,G2,simulado,Fv_Fm,0.828,Fisiología
TRIGO_G2_B1_Ctrl,Bloque_1,Control,G2,simulado,SPAD,45.8,Fisiología
TRIGO_G2_B1_Ctrl,Bloque_1,Control,G2,simulado,CTD,4.45,Fisiología
TRIGO_G2_B1_Ctrl,Bloque_1,Control,G2,simulado,K_mg_g,38.99,Ionómica
TRIGO_G2_B1_Ctrl,Bloque_1,Control,G2,simulado,Na_mg_g,1.26,Ionómica
TRIGO_G2_B1_Ctrl,Bloque_1,Control,G2,simulado,Ca_mg_g,9.11,Ionómica
TRIGO_G2_B1_Ctrl,Bloque_1,Control,G2,simulado,Mg_mg_g,3.08,Ionómica
TRIGO_G2_B1_Ctrl,Bloque_1,Control,G2,simulado,P_mg_g,4.09,Ionómica
TRIGO_G2_B1_Ctrl,Bloque_1,Control,G2,simulado,Fe_ug_g,104.3,Ionómica
TRIGO_G2_B1_Ctrl,Bloque_1,Control,G2,simulado,Zn_ug_g,43.4,Ionómica
TRIGO_G2_B1_Ctrl,Bloque_1,Control,G2,simulado,Mn_ug_g,72.3,Ionómica
TRIGO_G2_B1_Ctrl,Bloque_1,Control,G2,simulado,Glucosa,105.01,Metabolómica
TRIGO_G2_B1_Ctrl,Bloque_1,Control,G2,simulado,Fructosa,83.98,Metabolómica
TRIGO_G2_B1_Ctrl,Bloque_1,Control,G2,simulado,Sacarosa,90.4,Metabolómica
TRIGO_G2_B1_Ctrl,Bloque_1,Control,G2,simulado,Rafinosa,25.68,Metabolómica
TRIGO_G2_B1_Ctrl,Bloque_1,Control,G2,simulado,Prolina,32.94,Metabolómica
TRIGO_G2_B1_Ctrl,Bloque_1,Control,G2,simulado,GABA,49.31,Metabolómica
TRIGO_G2_B1_Ctrl,Bloque_1,Control,G2,simulado,Malato,73.22,Metabolómica
TRIGO_G2_B1_Ctrl,Bloque_1,Control,G2,simulado,Citrato,58.65,Metabolómica
TRIGO_G3_B1_Ctrl,Bloque_1,Control,G3,simulado,A_net,24.58,Fisiología
TRIGO_G3_B1_Ctrl,Bloque_1,Control,G3,simulado,gs,0.347,Fisiología
TRIGO_G3_B1_Ctrl,Bloque_1,Control,G3,simulado,Ci,242.2,Fisiología
TRIGO_G3_B1_Ctrl,Bloque_1,Control,G3,simulado,E,4.62,Fisiología
TRIGO_G3_B1_Ctrl,Bloque_1,Control,G3,simulado,Fv_Fm,0.832,Fisiología
TRIGO_G3_B1_Ctrl,Bloque_1,Control,G3,simulado,SPAD,46.6,Fisiología
TRIGO_G3_B1_Ctrl,Bloque_1,Control,G3,simulado,CTD,4.7,Fisiología
TRIGO_G3_B1_Ctrl,Bloque_1,Control,G3,simulado,K_mg_g,40.38,Ionómica
TRIGO_G3_B1_Ctrl,Bloque_1,Control,G3,simulado,Na_mg_g,1.12,Ionómica
TRIGO_G3_B1_Ctrl,Bloque_1,Control,G3,simulado,Ca_mg_g,8.46,Ionómica
TRIGO_G3_B1_Ctrl,Bloque_1,Control,G3,simulado,Mg_mg_g,3.2,Ionómica
TRIGO_G3_B1_Ctrl,Bloque_1,Control,G3,simulado,P_mg_g,3.58,Ionómica
TRIGO_G3_B1_Ctrl,Bloque_1,Control,G3,simulado,Fe_ug_g,100.4,Ionómica
TRIGO_G3_B1_Ctrl,Bloque_1,Control,G3,simulado,Zn_ug_g,40.3,Ionómica
TRIGO_G3_B1_Ctrl,Bloque_1,Control,G3,simulado,Mn_ug_g,68,Ionómica
TRIGO_G3_B1_Ctrl,Bloque_1,Control,G3,simulado,Glucosa,135.83,Metabolómica
TRIGO_G3_B1_Ctrl,Bloque_1,Control,G3,simulado,Fructosa,90.28,Metabolómica
TRIGO_G3_B1_Ctrl,Bloque_1,Control,G3,simulado,Sacarosa,89.65,Metabolómica
TRIGO_G3_B1_Ctrl,Bloque_1,Control,G3,simulado,Rafinosa,21.54,Metabolómica
TRIGO_G3_B1_Ctrl,Bloque_1,Control,G3,simulado,Prolina,40.77,Metabolómica
TRIGO_G3_B1_Ctrl,Bloque_1,Control,G3,simulado,GABA,41.67,Metabolómica
TRIGO_G3_B1_Ctrl,Bloque_1,Control,G3,simulado,Malato,69.04,Metabolómica
TRIGO_G3_B1_Ctrl,Bloque_1,Control,G3,simulado,Citrato,48.96,Metabolómica
TRIGO_G4_B1_Ctrl,Bloque_1,Control,G4,simulado,A_net,22.37,Fisiología
TRIGO_G4_B1_Ctrl,Bloque_1,Control,G4,simulado,gs,0.291,Fisiología
TRIGO_G4_B1_Ctrl,Bloque_1,Control,G4,simulado,Ci,212.2,Fisiología
TRIGO_G4_B1_Ctrl,Bloque_1,Control,G4,simulado,E,3.36,Fisiología
TRIGO_G4_B1_Ctrl,Bloque_1,Control,G4,simulado,Fv_Fm,0.812,Fisiología
TRIGO_G4_B1_Ctrl,Bloque_1,Control,G4,simulado,SPAD,46.6,Fisiología
TRIGO_G4_B1_Ctrl,Bloque_1,Control,G4,simulado,CTD,4.85,Fisiología
TRIGO_G4_B1_Ctrl,Bloque_1,Control,G4,simulado,K_mg_g,36.14,Ionómica
TRIGO_G4_B1_Ctrl,Bloque_1,Control,G4,simulado,Na_mg_g,1.41,Ionómica
TRIGO_G4_B1_Ctrl,Bloque_1,Control,G4,simulado,Ca_mg_g,8.66,Ionómica
TRIGO_G4_B1_Ctrl,Bloque_1,Control,G4,simulado,Mg_mg_g,3.21,Ionómica
TRIGO_G4_B1_Ctrl,Bloque_1,Control,G4,simulado,P_mg_g,4.08,Ionómica
TRIGO_G4_B1_Ctrl,Bloque_1,Control,G4,simulado,Fe_ug_g,111.2,Ionómica
TRIGO_G4_B1_Ctrl,Bloque_1,Control,G4,simulado,Zn_ug_g,43.4,Ionómica
TRIGO_G4_B1_Ctrl,Bloque_1,Control,G4,simulado,Mn_ug_g,63.9,Ionómica
TRIGO_G4_B1_Ctrl,Bloque_1,Control,G4,simulado,Glucosa,134.03,Metabolómica
TRIGO_G4_B1_Ctrl,Bloque_1,Control,G4,simulado,Fructosa,90.96,Metabolómica
TRIGO_G4_B1_Ctrl,Bloque_1,Control,G4,simulado,Sacarosa,81.74,Metabolómica
TRIGO_G4_B1_Ctrl,Bloque_1,Control,G4,simulado,Rafinosa,25.37,Metabolómica
TRIGO_G4_B1_Ctrl,Bloque_1,Control,G4,simulado,Prolina,42.39,Metabolómica
TRIGO_G4_B1_Ctrl,Bloque_1,Control,G4,simulado,GABA,50.39,Metabolómica
TRIGO_G4_B1_Ctrl,Bloque_1,Control,G4,simulado,Malato,67.14,Metabolómica
TRIGO_G4_B1_Ctrl,Bloque_1,Control,G4,simulado,Citrato,59.66,Metabolómica
TRIGO_G5_B1_Ctrl,Bloque_1,Control,G5,simulado,A_net,20.79,Fisiología
TRIGO_G5_B1_Ctrl,Bloque_1,Control,G5,simulado,gs,0.256,Fisiología
TRIGO_G5_B1_Ctrl,Bloque_1,Control,G5,simulado,Ci,207.9,Fisiología
TRIGO_G5_B1_Ctrl,Bloque_1,Control,G5,simulado,E,3.32,Fisiología
TRIGO_G5_B1_Ctrl,Bloque_1,Control,G5,simulado,Fv_Fm,0.83,Fisiología
TRIGO_G5_B1_Ctrl,Bloque_1,Control,G5,simulado,SPAD,42.9,Fisiología
TRIGO_G5_B1_Ctrl,Bloque_1,Control,G5,simulado,CTD,4.02,Fisiología
TRIGO_G5_B1_Ctrl,Bloque_1,Control,G5,simulado,K_mg_g,41.2,Ionómica
TRIGO_G5_B1_Ctrl,Bloque_1,Control,G5,simulado,Na_mg_g,1.1,Ionómica
TRIGO_G5_B1_Ctrl,Bloque_1,Control,G5,simulado,Ca_mg_g,8.78,Ionómica
TRIGO_G5_B1_Ctrl,Bloque_1,Control,G5,simulado,Mg_mg_g,3.11,Ionómica
TRIGO_G5_B1_Ctrl,Bloque_1,Control,G5,simulado,P_mg_g,3.77,Ionómica
TRIGO_G5_B1_Ctrl,Bloque_1,Control,G5,simulado,Fe_ug_g,105.5,Ionómica
TRIGO_G5_B1_Ctrl,Bloque_1,Control,G5,simulado,Zn_ug_g,40.1,Ionómica
TRIGO_G5_B1_Ctrl,Bloque_1,Control,G5,simulado,Mn_ug_g,69.2,Ionómica
TRIGO_G5_B1_Ctrl,Bloque_1,Control,G5,simulado,Glucosa,130.32,Metabolómica
TRIGO_G5_B1_Ctrl,Bloque_1,Control,G5,simulado,Fructosa,84.56,Metabolómica
TRIGO_G5_B1_Ctrl,Bloque_1,Control,G5,simulado,Sacarosa,92.89,Metabolómica
TRIGO_G5_B1_Ctrl,Bloque_1,Control,G5,simulado,Rafinosa,21.86,Metabolómica
TRIGO_G5_B1_Ctrl,Bloque_1,Control,G5,simulado,Prolina,40.19,Metabolómica
TRIGO_G5_B1_Ctrl,Bloque_1,Control,G5,simulado,GABA,51.34,Metabolómica
TRIGO_G5_B1_Ctrl,Bloque_1,Control,G5,simulado,Malato,72.08,Metabolómica
TRIGO_G5_B1_Ctrl,Bloque_1,Control,G5,simulado,Citrato,63.42,Metabolómica
TRIGO_G1_B1_Heat,Bloque_1,Calor,G1,simulado,A_net,17.81,Fisiología
TRIGO_G1_B1_Heat,Bloque_1,Calor,G1,simulado,gs,0.161,Fisiología
TRIGO_G1_B1_Heat,Bloque_1,Calor,G1,simulado,Ci,280,Fisiología
TRIGO_G1_B1_Heat,Bloque_1,Calor,G1,simulado,E,2.45,Fisiología
TRIGO_G1_B1_Heat,Bloque_1,Calor,G1,simulado,Fv_Fm,0.788,Fisiología
TRIGO_G1_B1_Heat,Bloque_1,Calor,G1,simulado,SPAD,40.3,Fisiología
TRIGO_G1_B1_Heat,Bloque_1,Calor,G1,simulado,CTD,3.1,Fisiología
TRIGO_G1_B1_Heat,Bloque_1,Calor,G1,simulado,K_mg_g,31.49,Ionómica
TRIGO_G1_B1_Heat,Bloque_1,Calor,G1,simulado,Na_mg_g,1.62,Ionómica
TRIGO_G1_B1_Heat,Bloque_1,Calor,G1,simulado,Ca_mg_g,10.96,Ionómica
TRIGO_G1_B1_Heat,Bloque_1,Calor,G1,simulado,Mg_mg_g,3.32,Ionómica
TRIGO_G1_B1_Heat,Bloque_1,Calor,G1,simulado,P_mg_g,4.27,Ionómica
TRIGO_G1_B1_Heat,Bloque_1,Calor,G1,simulado,Fe_ug_g,101.5,Ionómica
TRIGO_G1_B1_Heat,Bloque_1,Calor,G1,simulado,Zn_ug_g,37.5,Ionómica
TRIGO_G1_B1_Heat,Bloque_1,Calor,G1,simulado,Mn_ug_g,63.6,Ionómica
TRIGO_G1_B1_Heat,Bloque_1,Calor,G1,simulado,Glucosa,106.6,Metabolómica
TRIGO_G1_B1_Heat,Bloque_1,Calor,G1,simulado,Fructosa,76.96,Metabolómica
TRIGO_G1_B1_Heat,Bloque_1,Calor,G1,simulado,Sacarosa,82.49,Metabolómica
TRIGO_G1_B1_Heat,Bloque_1,Calor,G1,simulado,Rafinosa,36.44,Metabolómica
TRIGO_G1_B1_Heat,Bloque_1,Calor,G1,simulado,Prolina,59.14,Metabolómica
TRIGO_G1_B1_Heat,Bloque_1,Calor,G1,simulado,GABA,55.39,Metabolómica
TRIGO_G1_B1_Heat,Bloque_1,Calor,G1,simulado,Malato,59.63,Metabolómica
TRIGO_G1_B1_Heat,Bloque_1,Calor,G1,simulado,Citrato,56.92,Metabolómica
TRIGO_G2_B1_Heat,Bloque_1,Calor,G2,simulado,A_net,10.71,Fisiología
TRIGO_G2_B1_Heat,Bloque_1,Calor,G2,simulado,gs,0.141,Fisiología
TRIGO_G2_B1_Heat,Bloque_1,Calor,G2,simulado,Ci,308.3,Fisiología
TRIGO_G2_B1_Heat,Bloque_1,Calor,G2,simulado,E,1.56,Fisiología
TRIGO_G2_B1_Heat,Bloque_1,Calor,G2,simulado,Fv_Fm,0.696,Fisiología
TRIGO_G2_B1_Heat,Bloque_1,Calor,G2,simulado,SPAD,34.9,Fisiología
TRIGO_G2_B1_Heat,Bloque_1,Calor,G2,simulado,CTD,0.96,Fisiología
TRIGO_G2_B1_Heat,Bloque_1,Calor,G2,simulado,K_mg_g,26.73,Ionómica
TRIGO_G2_B1_Heat,Bloque_1,Calor,G2,simulado,Na_mg_g,1.97,Ionómica
TRIGO_G2_B1_Heat,Bloque_1,Calor,G2,simulado,Ca_mg_g,11.33,Ionómica
TRIGO_G2_B1_Heat,Bloque_1,Calor,G2,simulado,Mg_mg_g,2.99,Ionómica
TRIGO_G2_B1_Heat,Bloque_1,Calor,G2,simulado,P_mg_g,4.19,Ionómica
TRIGO_G2_B1_Heat,Bloque_1,Calor,G2,simulado,Fe_ug_g,106.1,Ionómica
TRIGO_G2_B1_Heat,Bloque_1,Calor,G2,simulado,Zn_ug_g,37.9,Ionómica
TRIGO_G2_B1_Heat,Bloque_1,Calor,G2,simulado,Mn_ug_g,57.9,Ionómica
TRIGO_G2_B1_Heat,Bloque_1,Calor,G2,simulado,Glucosa,81.38,Metabolómica
TRIGO_G2_B1_Heat,Bloque_1,Calor,G2,simulado,Fructosa,67.11,Metabolómica
TRIGO_G2_B1_Heat,Bloque_1,Calor,G2,simulado,Sacarosa,68.72,Metabolómica
TRIGO_G2_B1_Heat,Bloque_1,Calor,G2,simulado,Rafinosa,51.97,Metabolómica
TRIGO_G2_B1_Heat,Bloque_1,Calor,G2,simulado,Prolina,70.58,Metabolómica
TRIGO_G2_B1_Heat,Bloque_1,Calor,G2,simulado,GABA,76.46,Metabolómica
TRIGO_G2_B1_Heat,Bloque_1,Calor,G2,simulado,Malato,53.95,Metabolómica
TRIGO_G2_B1_Heat,Bloque_1,Calor,G2,simulado,Citrato,41.94,Metabolómica
TRIGO_G3_B1_Heat,Bloque_1,Calor,G3,simulado,A_net,18.61,Fisiología
TRIGO_G3_B1_Heat,Bloque_1,Calor,G3,simulado,gs,0.196,Fisiología
TRIGO_G3_B1_Heat,Bloque_1,Calor,G3,simulado,Ci,296.6,Fisiología
TRIGO_G3_B1_Heat,Bloque_1,Calor,G3,simulado,E,2.34,Fisiología
TRIGO_G3_B1_Heat,Bloque_1,Calor,G3,simulado,Fv_Fm,0.818,Fisiología
TRIGO_G3_B1_Heat,Bloque_1,Calor,G3,simulado,SPAD,42.9,Fisiología
TRIGO_G3_B1_Heat,Bloque_1,Calor,G3,simulado,CTD,3,Fisiología
TRIGO_G3_B1_Heat,Bloque_1,Calor,G3,simulado,K_mg_g,36.06,Ionómica
TRIGO_G3_B1_Heat,Bloque_1,Calor,G3,simulado,Na_mg_g,1.92,Ionómica
TRIGO_G3_B1_Heat,Bloque_1,Calor,G3,simulado,Ca_mg_g,11.21,Ionómica
TRIGO_G3_B1_Heat,Bloque_1,Calor,G3,simulado,Mg_mg_g,3.17,Ionómica
TRIGO_G3_B1_Heat,Bloque_1,Calor,G3,simulado,P_mg_g,3.87,Ionómica
TRIGO_G3_B1_Heat,Bloque_1,Calor,G3,simulado,Fe_ug_g,103.5,Ionómica
TRIGO_G3_B1_Heat,Bloque_1,Calor,G3,simulado,Zn_ug_g,42.1,Ionómica
TRIGO_G3_B1_Heat,Bloque_1,Calor,G3,simulado,Mn_ug_g,61.5,Ionómica
TRIGO_G3_B1_Heat,Bloque_1,Calor,G3,simulado,Glucosa,100.26,Metabolómica
TRIGO_G3_B1_Heat,Bloque_1,Calor,G3,simulado,Fructosa,66.43,Metabolómica
TRIGO_G3_B1_Heat,Bloque_1,Calor,G3,simulado,Sacarosa,78.6,Metabolómica
TRIGO_G3_B1_Heat,Bloque_1,Calor,G3,simulado,Rafinosa,37.78,Metabolómica
TRIGO_G3_B1_Heat,Bloque_1,Calor,G3,simulado,Prolina,61.98,Metabolómica
TRIGO_G3_B1_Heat,Bloque_1,Calor,G3,simulado,GABA,74.71,Metabolómica
TRIGO_G3_B1_Heat,Bloque_1,Calor,G3,simulado,Malato,55.08,Metabolómica
TRIGO_G3_B1_Heat,Bloque_1,Calor,G3,simulado,Citrato,53.46,Metabolómica
TRIGO_G4_B1_Heat,Bloque_1,Calor,G4,simulado,A_net,9.07,Fisiología
TRIGO_G4_B1_Heat,Bloque_1,Calor,G4,simulado,gs,0.157,Fisiología
TRIGO_G4_B1_Heat,Bloque_1,Calor,G4,simulado,Ci,279.4,Fisiología
TRIGO_G4_B1_Heat,Bloque_1,Calor,G4,simulado,E,1.98,Fisiología
TRIGO_G4_B1_Heat,Bloque_1,Calor,G4,simulado,Fv_Fm,0.675,Fisiología
TRIGO_G4_B1_Heat,Bloque_1,Calor,G4,simulado,SPAD,34.9,Fisiología
TRIGO_G4_B1_Heat,Bloque_1,Calor,G4,simulado,CTD,1.63,Fisiología
TRIGO_G4_B1_Heat,Bloque_1,Calor,G4,simulado,K_mg_g,27.51,Ionómica
TRIGO_G4_B1_Heat,Bloque_1,Calor,G4,simulado,Na_mg_g,1.89,Ionómica
TRIGO_G4_B1_Heat,Bloque_1,Calor,G4,simulado,Ca_mg_g,11.26,Ionómica
TRIGO_G4_B1_Heat,Bloque_1,Calor,G4,simulado,Mg_mg_g,3.22,Ionómica
TRIGO_G4_B1_Heat,Bloque_1,Calor,G4,simulado,P_mg_g,3.97,Ionómica
TRIGO_G4_B1_Heat,Bloque_1,Calor,G4,simulado,Fe_ug_g,120.1,Ionómica
TRIGO_G4_B1_Heat,Bloque_1,Calor,G4,simulado,Zn_ug_g,42.6,Ionómica
TRIGO_G4_B1_Heat,Bloque_1,Calor,G4,simulado,Mn_ug_g,58.5,Ionómica
TRIGO_G4_B1_Heat,Bloque_1,Calor,G4,simulado,Glucosa,95.65,Metabolómica
TRIGO_G4_B1_Heat,Bloque_1,Calor,G4,simulado,Fructosa,83.75,Metabolómica
TRIGO_G4_B1_Heat,Bloque_1,Calor,G4,simulado,Sacarosa,70.33,Metabolómica
TRIGO_G4_B1_Heat,Bloque_1,Calor,G4,simulado,Rafinosa,42.98,Metabolómica
TRIGO_G4_B1_Heat,Bloque_1,Calor,G4,simulado,Prolina,59.92,Metabolómica
TRIGO_G4_B1_Heat,Bloque_1,Calor,G4,simulado,GABA,66.63,Metabolómica
TRIGO_G4_B1_Heat,Bloque_1,Calor,G4,simulado,Malato,61.39,Metabolómica
TRIGO_G4_B1_Heat,Bloque_1,Calor,G4,simulado,Citrato,45.35,Metabolómica
TRIGO_G5_B1_Heat,Bloque_1,Calor,G5,simulado,A_net,9.88,Fisiología
TRIGO_G5_B1_Heat,Bloque_1,Calor,G5,simulado,gs,0.115,Fisiología
TRIGO_G5_B1_Heat,Bloque_1,Calor,G5,simulado,Ci,300.3,Fisiología
TRIGO_G5_B1_Heat,Bloque_1,Calor,G5,simulado,E,1.34,Fisiología
TRIGO_G5_B1_Heat,Bloque_1,Calor,G5,simulado,Fv_Fm,0.665,Fisiología
TRIGO_G5_B1_Heat,Bloque_1,Calor,G5,simulado,SPAD,40.9,Fisiología
TRIGO_G5_B1_Heat,Bloque_1,Calor,G5,simulado,CTD,1.22,Fisiología
TRIGO_G5_B1_Heat,Bloque_1,Calor,G5,simulado,K_mg_g,25.88,Ionómica
TRIGO_G5_B1_Heat,Bloque_1,Calor,G5,simulado,Na_mg_g,1.89,Ionómica
TRIGO_G5_B1_Heat,Bloque_1,Calor,G5,simulado,Ca_mg_g,10.74,Ionómica
TRIGO_G5_B1_Heat,Bloque_1,Calor,G5,simulado,Mg_mg_g,3.3,Ionómica
TRIGO_G5_B1_Heat,Bloque_1,Calor,G5,simulado,P_mg_g,3.84,Ionómica
TRIGO_G5_B1_Heat,Bloque_1,Calor,G5,simulado,Fe_ug_g,115.3,Ionómica
TRIGO_G5_B1_Heat,Bloque_1,Calor,G5,simulado,Zn_ug_g,39.7,Ionómica
TRIGO_G5_B1_Heat,Bloque_1,Calor,G5,simulado,Mn_ug_g,63.8,Ionómica
TRIGO_G5_B1_Heat,Bloque_1,Calor,G5,simulado,Glucosa,98.57,Metabolómica
TRIGO_G5_B1_Heat,Bloque_1,Calor,G5,simulado,Fructosa,79.65,Metabolómica
TRIGO_G5_B1_Heat,Bloque_1,Calor,G5,simulado,Sacarosa,62.53,Metabolómica
TRIGO_G5_B1_Heat,Bloque_1,Calor,G5,simulado,Rafinosa,43.6,Metabolómica
TRIGO_G5_B1_Heat,Bloque_1,Calor,G5,simulado,Prolina,64.72,Metabolómica
TRIGO_G5_B1_Heat,Bloque_1,Calor,G5,simulado,GABA,78.86,Metabolómica
TRIGO_G5_B1_Heat,Bloque_1,Calor,G5,simulado,Malato,49.37,Metabolómica
TRIGO_G5_B1_Heat,Bloque_1,Calor,G5,simulado,Citrato,43.78,Metabolómica
TRIGO_G1_B2_Ctrl,Bloque_2,Control,G1,simulado,A_net,23.58,Fisiología
TRIGO_G1_B2_Ctrl,Bloque_2,Control,G1,simulado,gs,0.36,Fisiología
TRIGO_G1_B2_Ctrl,Bloque_2,Control,G1,simulado,Ci,221.5,Fisiología
TRIGO_G1_B2_Ctrl,Bloque_2,Control,G1,simulado,E,4.19,Fisiología
TRIGO_G1_B2_Ctrl,Bloque_2,Control,G1,simulado,Fv_Fm,0.811,Fisiología
TRIGO_G1_B2_Ctrl,Bloque_2,Control,G1,simulado,SPAD,45.9,Fisiología
TRIGO_G1_B2_Ctrl,Bloque_2,Control,G1,simulado,CTD,4,Fisiología
TRIGO_G1_B2_Ctrl,Bloque_2,Control,G1,simulado,K_mg_g,37.69,Ionómica
TRIGO_G1_B2_Ctrl,Bloque_2,Control,G1,simulado,Na_mg_g,1.2,Ionómica
TRIGO_G1_B2_Ctrl,Bloque_2,Control,G1,simulado,Ca_mg_g,8.51,Ionómica
TRIGO_G1_B2_Ctrl,Bloque_2,Control,G1,simulado,Mg_mg_g,3.34,Ionómica
TRIGO_G1_B2_Ctrl,Bloque_2,Control,G1,simulado,P_mg_g,4.08,Ionómica
TRIGO_G1_B2_Ctrl,Bloque_2,Control,G1,simulado,Fe_ug_g,110,Ionómica
TRIGO_G1_B2_Ctrl,Bloque_2,Control,G1,simulado,Zn_ug_g,43.6,Ionómica
TRIGO_G1_B2_Ctrl,Bloque_2,Control,G1,simulado,Mn_ug_g,65.1,Ionómica
TRIGO_G1_B2_Ctrl,Bloque_2,Control,G1,simulado,Glucosa,123.4,Metabolómica
TRIGO_G1_B2_Ctrl,Bloque_2,Control,G1,simulado,Fructosa,77.15,Metabolómica
TRIGO_G1_B2_Ctrl,Bloque_2,Control,G1,simulado,Sacarosa,99.31,Metabolómica
TRIGO_G1_B2_Ctrl,Bloque_2,Control,G1,simulado,Rafinosa,27.51,Metabolómica
TRIGO_G1_B2_Ctrl,Bloque_2,Control,G1,simulado,Prolina,41.03,Metabolómica
TRIGO_G1_B2_Ctrl,Bloque_2,Control,G1,simulado,GABA,53.25,Metabolómica
TRIGO_G1_B2_Ctrl,Bloque_2,Control,G1,simulado,Malato,72.33,Metabolómica
TRIGO_G1_B2_Ctrl,Bloque_2,Control,G1,simulado,Citrato,67.78,Metabolómica
TRIGO_G2_B2_Ctrl,Bloque_2,Control,G2,simulado,A_net,20.58,Fisiología
TRIGO_G2_B2_Ctrl,Bloque_2,Control,G2,simulado,gs,0.288,Fisiología
TRIGO_G2_B2_Ctrl,Bloque_2,Control,G2,simulado,Ci,234.5,Fisiología
TRIGO_G2_B2_Ctrl,Bloque_2,Control,G2,simulado,E,3.61,Fisiología
TRIGO_G2_B2_Ctrl,Bloque_2,Control,G2,simulado,Fv_Fm,0.812,Fisiología
TRIGO_G2_B2_Ctrl,Bloque_2,Control,G2,simulado,SPAD,46.7,Fisiología
TRIGO_G2_B2_Ctrl,Bloque_2,Control,G2,simulado,CTD,4.87,Fisiología
TRIGO_G2_B2_Ctrl,Bloque_2,Control,G2,simulado,K_mg_g,37.26,Ionómica
TRIGO_G2_B2_Ctrl,Bloque_2,Control,G2,simulado,Na_mg_g,1.11,Ionómica
TRIGO_G2_B2_Ctrl,Bloque_2,Control,G2,simulado,Ca_mg_g,8.7,Ionómica
TRIGO_G2_B2_Ctrl,Bloque_2,Control,G2,simulado,Mg_mg_g,2.98,Ionómica
TRIGO_G2_B2_Ctrl,Bloque_2,Control,G2,simulado,P_mg_g,4.34,Ionómica
TRIGO_G2_B2_Ctrl,Bloque_2,Control,G2,simulado,Fe_ug_g,118.9,Ionómica
TRIGO_G2_B2_Ctrl,Bloque_2,Control,G2,simulado,Zn_ug_g,37.8,Ionómica
TRIGO_G2_B2_Ctrl,Bloque_2,Control,G2,simulado,Mn_ug_g,70.9,Ionómica
TRIGO_G2_B2_Ctrl,Bloque_2,Control,G2,simulado,Glucosa,118.77,Metabolómica
TRIGO_G2_B2_Ctrl,Bloque_2,Control,G2,simulado,Fructosa,79.57,Metabolómica
TRIGO_G2_B2_Ctrl,Bloque_2,Control,G2,simulado,Sacarosa,93.27,Metabolómica
TRIGO_G2_B2_Ctrl,Bloque_2,Control,G2,simulado,Rafinosa,26.38,Metabolómica
TRIGO_G2_B2_Ctrl,Bloque_2,Control,G2,simulado,Prolina,40.98,Metabolómica
TRIGO_G2_B2_Ctrl,Bloque_2,Control,G2,simulado,GABA,58.31,Metabolómica
TRIGO_G2_B2_Ctrl,Bloque_2,Control,G2,simulado,Malato,71.59,Metabolómica
TRIGO_G2_B2_Ctrl,Bloque_2,Control,G2,simulado,Citrato,57.17,Metabolómica
TRIGO_G3_B2_Ctrl,Bloque_2,Control,G3,simulado,A_net,24.22,Fisiología
TRIGO_G3_B2_Ctrl,Bloque_2,Control,G3,simulado,gs,0.33,Fisiología
TRIGO_G3_B2_Ctrl,Bloque_2,Control,G3,simulado,Ci,209.5,Fisiología
TRIGO_G3_B2_Ctrl,Bloque_2,Control,G3,simulado,E,3.91,Fisiología
TRIGO_G3_B2_Ctrl,Bloque_2,Control,G3,simulado,Fv_Fm,0.819,Fisiología
TRIGO_G3_B2_Ctrl,Bloque_2,Control,G3,simulado,SPAD,46.4,Fisiología
TRIGO_G3_B2_Ctrl,Bloque_2,Control,G3,simulado,CTD,5.35,Fisiología
TRIGO_G3_B2_Ctrl,Bloque_2,Control,G3,simulado,K_mg_g,37.12,Ionómica
TRIGO_G3_B2_Ctrl,Bloque_2,Control,G3,simulado,Na_mg_g,1.21,Ionómica
TRIGO_G3_B2_Ctrl,Bloque_2,Control,G3,simulado,Ca_mg_g,9.08,Ionómica
TRIGO_G3_B2_Ctrl,Bloque_2,Control,G3,simulado,Mg_mg_g,2.89,Ionómica
TRIGO_G3_B2_Ctrl,Bloque_2,Control,G3,simulado,P_mg_g,3.85,Ionómica
TRIGO_G3_B2_Ctrl,Bloque_2,Control,G3,simulado,Fe_ug_g,110.5,Ionómica
TRIGO_G3_B2_Ctrl,Bloque_2,Control,G3,simulado,Zn_ug_g,41.8,Ionómica
TRIGO_G3_B2_Ctrl,Bloque_2,Control,G3,simulado,Mn_ug_g,66.1,Ionómica
TRIGO_G3_B2_Ctrl,Bloque_2,Control,G3,simulado,Glucosa,137.68,Metabolómica
TRIGO_G3_B2_Ctrl,Bloque_2,Control,G3,simulado,Fructosa,90.47,Metabolómica
TRIGO_G3_B2_Ctrl,Bloque_2,Control,G3,simulado,Sacarosa,94.25,Metabolómica
TRIGO_G3_B2_Ctrl,Bloque_2,Control,G3,simulado,Rafinosa,25.95,Metabolómica
TRIGO_G3_B2_Ctrl,Bloque_2,Control,G3,simulado,Prolina,45.01,Metabolómica
TRIGO_G3_B2_Ctrl,Bloque_2,Control,G3,simulado,GABA,61.26,Metabolómica
TRIGO_G3_B2_Ctrl,Bloque_2,Control,G3,simulado,Malato,71.58,Metabolómica
TRIGO_G3_B2_Ctrl,Bloque_2,Control,G3,simulado,Citrato,65.08,Metabolómica
TRIGO_G4_B2_Ctrl,Bloque_2,Control,G4,simulado,A_net,19.28,Fisiología
TRIGO_G4_B2_Ctrl,Bloque_2,Control,G4,simulado,gs,0.318,Fisiología
TRIGO_G4_B2_Ctrl,Bloque_2,Control,G4,simulado,Ci,215.1,Fisiología
TRIGO_G4_B2_Ctrl,Bloque_2,Control,G4,simulado,E,4.07,Fisiología
TRIGO_G4_B2_Ctrl,Bloque_2,Control,G4,simulado,Fv_Fm,0.823,Fisiología
TRIGO_G4_B2_Ctrl,Bloque_2,Control,G4,simulado,SPAD,46,Fisiología
TRIGO_G4_B2_Ctrl,Bloque_2,Control,G4,simulado,CTD,4.91,Fisiología
TRIGO_G4_B2_Ctrl,Bloque_2,Control,G4,simulado,K_mg_g,39.27,Ionómica
TRIGO_G4_B2_Ctrl,Bloque_2,Control,G4,simulado,Na_mg_g,1.13,Ionómica
TRIGO_G4_B2_Ctrl,Bloque_2,Control,G4,simulado,Ca_mg_g,8.88,Ionómica
TRIGO_G4_B2_Ctrl,Bloque_2,Control,G4,simulado,Mg_mg_g,3.46,Ionómica
TRIGO_G4_B2_Ctrl,Bloque_2,Control,G4,simulado,P_mg_g,4.23,Ionómica
TRIGO_G4_B2_Ctrl,Bloque_2,Control,G4,simulado,Fe_ug_g,104.8,Ionómica
TRIGO_G4_B2_Ctrl,Bloque_2,Control,G4,simulado,Zn_ug_g,39,Ionómica
TRIGO_G4_B2_Ctrl,Bloque_2,Control,G4,simulado,Mn_ug_g,64.2,Ionómica
TRIGO_G4_B2_Ctrl,Bloque_2,Control,G4,simulado,Glucosa,135.9,Metabolómica
TRIGO_G4_B2_Ctrl,Bloque_2,Control,G4,simulado,Fructosa,84.94,Metabolómica
TRIGO_G4_B2_Ctrl,Bloque_2,Control,G4,simulado,Sacarosa,102.73,Metabolómica
TRIGO_G4_B2_Ctrl,Bloque_2,Control,G4,simulado,Rafinosa,23.14,Metabolómica
TRIGO_G4_B2_Ctrl,Bloque_2,Control,G4,simulado,Prolina,42.74,Metabolómica
TRIGO_G4_B2_Ctrl,Bloque_2,Control,G4,simulado,GABA,57.38,Metabolómica
TRIGO_G4_B2_Ctrl,Bloque_2,Control,G4,simulado,Malato,69.26,Metabolómica
TRIGO_G4_B2_Ctrl,Bloque_2,Control,G4,simulado,Citrato,49.24,Metabolómica
TRIGO_G5_B2_Ctrl,Bloque_2,Control,G5,simulado,A_net,19.45,Fisiología
TRIGO_G5_B2_Ctrl,Bloque_2,Control,G5,simulado,gs,0.331,Fisiología
TRIGO_G5_B2_Ctrl,Bloque_2,Control,G5,simulado,Ci,214.1,Fisiología
TRIGO_G5_B2_Ctrl,Bloque_2,Control,G5,simulado,E,3.95,Fisiología
TRIGO_G5_B2_Ctrl,Bloque_2,Control,G5,simulado,Fv_Fm,0.823,Fisiología
TRIGO_G5_B2_Ctrl,Bloque_2,Control,G5,simulado,SPAD,44.5,Fisiología
TRIGO_G5_B2_Ctrl,Bloque_2,Control,G5,simulado,CTD,3.89,Fisiología
TRIGO_G5_B2_Ctrl,Bloque_2,Control,G5,simulado,K_mg_g,38.54,Ionómica
TRIGO_G5_B2_Ctrl,Bloque_2,Control,G5,simulado,Na_mg_g,1.3,Ionómica
TRIGO_G5_B2_Ctrl,Bloque_2,Control,G5,simulado,Ca_mg_g,9.36,Ionómica
TRIGO_G5_B2_Ctrl,Bloque_2,Control,G5,simulado,Mg_mg_g,3.27,Ionómica
TRIGO_G5_B2_Ctrl,Bloque_2,Control,G5,simulado,P_mg_g,3.97,Ionómica
TRIGO_G5_B2_Ctrl,Bloque_2,Control,G5,simulado,Fe_ug_g,119.1,Ionómica
TRIGO_G5_B2_Ctrl,Bloque_2,Control,G5,simulado,Zn_ug_g,40.4,Ionómica
TRIGO_G5_B2_Ctrl,Bloque_2,Control,G5,simulado,Mn_ug_g,67.9,Ionómica
TRIGO_G5_B2_Ctrl,Bloque_2,Control,G5,simulado,Glucosa,138.23,Metabolómica
TRIGO_G5_B2_Ctrl,Bloque_2,Control,G5,simulado,Fructosa,83.83,Metabolómica
TRIGO_G5_B2_Ctrl,Bloque_2,Control,G5,simulado,Sacarosa,91.82,Metabolómica
TRIGO_G5_B2_Ctrl,Bloque_2,Control,G5,simulado,Rafinosa,23.99,Metabolómica
TRIGO_G5_B2_Ctrl,Bloque_2,Control,G5,simulado,Prolina,43.47,Metabolómica
TRIGO_G5_B2_Ctrl,Bloque_2,Control,G5,simulado,GABA,59.99,Metabolómica
TRIGO_G5_B2_Ctrl,Bloque_2,Control,G5,simulado,Malato,71.49,Metabolómica
TRIGO_G5_B2_Ctrl,Bloque_2,Control,G5,simulado,Citrato,62.83,Metabolómica
TRIGO_G1_B2_Heat,Bloque_2,Calor,G1,simulado,A_net,17.55,Fisiología
TRIGO_G1_B2_Heat,Bloque_2,Calor,G1,simulado,gs,0.194,Fisiología
TRIGO_G1_B2_Heat,Bloque_2,Calor,G1,simulado,Ci,260.7,Fisiología
TRIGO_G1_B2_Heat,Bloque_2,Calor,G1,simulado,E,2.73,Fisiología
TRIGO_G1_B2_Heat,Bloque_2,Calor,G1,simulado,Fv_Fm,0.797,Fisiología
TRIGO_G1_B2_Heat,Bloque_2,Calor,G1,simulado,SPAD,43.4,Fisiología
TRIGO_G1_B2_Heat,Bloque_2,Calor,G1,simulado,CTD,3.05,Fisiología
TRIGO_G1_B2_Heat,Bloque_2,Calor,G1,simulado,K_mg_g,33.75,Ionómica
TRIGO_G1_B2_Heat,Bloque_2,Calor,G1,simulado,Na_mg_g,1.78,Ionómica
TRIGO_G1_B2_Heat,Bloque_2,Calor,G1,simulado,Ca_mg_g,10.74,Ionómica
TRIGO_G1_B2_Heat,Bloque_2,Calor,G1,simulado,Mg_mg_g,3.05,Ionómica
TRIGO_G1_B2_Heat,Bloque_2,Calor,G1,simulado,P_mg_g,3.9,Ionómica
TRIGO_G1_B2_Heat,Bloque_2,Calor,G1,simulado,Fe_ug_g,113.2,Ionómica
TRIGO_G1_B2_Heat,Bloque_2,Calor,G1,simulado,Zn_ug_g,42.1,Ionómica
TRIGO_G1_B2_Heat,Bloque_2,Calor,G1,simulado,Mn_ug_g,57.3,Ionómica
TRIGO_G1_B2_Heat,Bloque_2,Calor,G1,simulado,Glucosa,108.04,Metabolómica
TRIGO_G1_B2_Heat,Bloque_2,Calor,G1,simulado,Fructosa,87.73,Metabolómica
TRIGO_G1_B2_Heat,Bloque_2,Calor,G1,simulado,Sacarosa,93.29,Metabolómica
TRIGO_G1_B2_Heat,Bloque_2,Calor,G1,simulado,Rafinosa,38.98,Metabolómica
TRIGO_G1_B2_Heat,Bloque_2,Calor,G1,simulado,Prolina,60.6,Metabolómica
TRIGO_G1_B2_Heat,Bloque_2,Calor,G1,simulado,GABA,60.71,Metabolómica
TRIGO_G1_B2_Heat,Bloque_2,Calor,G1,simulado,Malato,71.5,Metabolómica
TRIGO_G1_B2_Heat,Bloque_2,Calor,G1,simulado,Citrato,58.35,Metabolómica
TRIGO_G2_B2_Heat,Bloque_2,Calor,G2,simulado,A_net,8.64,Fisiología
TRIGO_G2_B2_Heat,Bloque_2,Calor,G2,simulado,gs,0.133,Fisiología
TRIGO_G2_B2_Heat,Bloque_2,Calor,G2,simulado,Ci,295.9,Fisiología
TRIGO_G2_B2_Heat,Bloque_2,Calor,G2,simulado,E,1.51,Fisiología
TRIGO_G2_B2_Heat,Bloque_2,Calor,G2,simulado,Fv_Fm,0.68,Fisiología
TRIGO_G2_B2_Heat,Bloque_2,Calor,G2,simulado,SPAD,32.6,Fisiología
TRIGO_G2_B2_Heat,Bloque_2,Calor,G2,simulado,CTD,1.48,Fisiología
TRIGO_G2_B2_Heat,Bloque_2,Calor,G2,simulado,K_mg_g,28.62,Ionómica
TRIGO_G2_B2_Heat,Bloque_2,Calor,G2,simulado,Na_mg_g,1.68,Ionómica
TRIGO_G2_B2_Heat,Bloque_2,Calor,G2,simulado,Ca_mg_g,11.72,Ionómica
TRIGO_G2_B2_Heat,Bloque_2,Calor,G2,simulado,Mg_mg_g,3.51,Ionómica
TRIGO_G2_B2_Heat,Bloque_2,Calor,G2,simulado,P_mg_g,4.07,Ionómica
TRIGO_G2_B2_Heat,Bloque_2,Calor,G2,simulado,Fe_ug_g,103.8,Ionómica
TRIGO_G2_B2_Heat,Bloque_2,Calor,G2,simulado,Zn_ug_g,39.8,Ionómica
TRIGO_G2_B2_Heat,Bloque_2,Calor,G2,simulado,Mn_ug_g,65.8,Ionómica
TRIGO_G2_B2_Heat,Bloque_2,Calor,G2,simulado,Glucosa,74.93,Metabolómica
TRIGO_G2_B2_Heat,Bloque_2,Calor,G2,simulado,Fructosa,62.17,Metabolómica
TRIGO_G2_B2_Heat,Bloque_2,Calor,G2,simulado,Sacarosa,71.22,Metabolómica
TRIGO_G2_B2_Heat,Bloque_2,Calor,G2,simulado,Rafinosa,51.93,Metabolómica
TRIGO_G2_B2_Heat,Bloque_2,Calor,G2,simulado,Prolina,69.62,Metabolómica
TRIGO_G2_B2_Heat,Bloque_2,Calor,G2,simulado,GABA,74.26,Metabolómica
TRIGO_G2_B2_Heat,Bloque_2,Calor,G2,simulado,Malato,57.18,Metabolómica
TRIGO_G2_B2_Heat,Bloque_2,Calor,G2,simulado,Citrato,46.61,Metabolómica
TRIGO_G3_B2_Heat,Bloque_2,Calor,G3,simulado,A_net,18.25,Fisiología
TRIGO_G3_B2_Heat,Bloque_2,Calor,G3,simulado,gs,0.169,Fisiología
TRIGO_G3_B2_Heat,Bloque_2,Calor,G3,simulado,Ci,295.2,Fisiología
TRIGO_G3_B2_Heat,Bloque_2,Calor,G3,simulado,E,2.05,Fisiología
TRIGO_G3_B2_Heat,Bloque_2,Calor,G3,simulado,Fv_Fm,0.809,Fisiología
TRIGO_G3_B2_Heat,Bloque_2,Calor,G3,simulado,SPAD,41.6,Fisiología
TRIGO_G3_B2_Heat,Bloque_2,Calor,G3,simulado,CTD,2.99,Fisiología
TRIGO_G3_B2_Heat,Bloque_2,Calor,G3,simulado,K_mg_g,35.55,Ionómica
TRIGO_G3_B2_Heat,Bloque_2,Calor,G3,simulado,Na_mg_g,1.75,Ionómica
TRIGO_G3_B2_Heat,Bloque_2,Calor,G3,simulado,Ca_mg_g,11.31,Ionómica
TRIGO_G3_B2_Heat,Bloque_2,Calor,G3,simulado,Mg_mg_g,3.22,Ionómica
TRIGO_G3_B2_Heat,Bloque_2,Calor,G3,simulado,P_mg_g,3.84,Ionómica
TRIGO_G3_B2_Heat,Bloque_2,Calor,G3,simulado,Fe_ug_g,108.9,Ionómica
TRIGO_G3_B2_Heat,Bloque_2,Calor,G3,simulado,Zn_ug_g,41,Ionómica
TRIGO_G3_B2_Heat,Bloque_2,Calor,G3,simulado,Mn_ug_g,67.7,Ionómica
TRIGO_G3_B2_Heat,Bloque_2,Calor,G3,simulado,Glucosa,108.01,Metabolómica
TRIGO_G3_B2_Heat,Bloque_2,Calor,G3,simulado,Fructosa,64.48,Metabolómica
TRIGO_G3_B2_Heat,Bloque_2,Calor,G3,simulado,Sacarosa,58.33,Metabolómica
TRIGO_G3_B2_Heat,Bloque_2,Calor,G3,simulado,Rafinosa,42.28,Metabolómica
TRIGO_G3_B2_Heat,Bloque_2,Calor,G3,simulado,Prolina,65.7,Metabolómica
TRIGO_G3_B2_Heat,Bloque_2,Calor,G3,simulado,GABA,70.94,Metabolómica
TRIGO_G3_B2_Heat,Bloque_2,Calor,G3,simulado,Malato,66.48,Metabolómica
TRIGO_G3_B2_Heat,Bloque_2,Calor,G3,simulado,Citrato,47.06,Metabolómica
TRIGO_G4_B2_Heat,Bloque_2,Calor,G4,simulado,A_net,8.72,Fisiología
TRIGO_G4_B2_Heat,Bloque_2,Calor,G4,simulado,gs,0.157,Fisiología
TRIGO_G4_B2_Heat,Bloque_2,Calor,G4,simulado,Ci,290.1,Fisiología
TRIGO_G4_B2_Heat,Bloque_2,Calor,G4,simulado,E,2.13,Fisiología
TRIGO_G4_B2_Heat,Bloque_2,Calor,G4,simulado,Fv_Fm,0.675,Fisiología
TRIGO_G4_B2_Heat,Bloque_2,Calor,G4,simulado,SPAD,33.1,Fisiología
TRIGO_G4_B2_Heat,Bloque_2,Calor,G4,simulado,CTD,1.23,Fisiología
TRIGO_G4_B2_Heat,Bloque_2,Calor,G4,simulado,K_mg_g,28.46,Ionómica
TRIGO_G4_B2_Heat,Bloque_2,Calor,G4,simulado,Na_mg_g,1.86,Ionómica
TRIGO_G4_B2_Heat,Bloque_2,Calor,G4,simulado,Ca_mg_g,12.51,Ionómica
TRIGO_G4_B2_Heat,Bloque_2,Calor,G4,simulado,Mg_mg_g,3.44,Ionómica
TRIGO_G4_B2_Heat,Bloque_2,Calor,G4,simulado,P_mg_g,3.96,Ionómica
TRIGO_G4_B2_Heat,Bloque_2,Calor,G4,simulado,Fe_ug_g,104.7,Ionómica
TRIGO_G4_B2_Heat,Bloque_2,Calor,G4,simulado,Zn_ug_g,44.5,Ionómica
TRIGO_G4_B2_Heat,Bloque_2,Calor,G4,simulado,Mn_ug_g,59.8,Ionómica
TRIGO_G4_B2_Heat,Bloque_2,Calor,G4,simulado,Glucosa,98.11,Metabolómica
TRIGO_G4_B2_Heat,Bloque_2,Calor,G4,simulado,Fructosa,77.34,Metabolómica
TRIGO_G4_B2_Heat,Bloque_2,Calor,G4,simulado,Sacarosa,79.04,Metabolómica
TRIGO_G4_B2_Heat,Bloque_2,Calor,G4,simulado,Rafinosa,44.86,Metabolómica
TRIGO_G4_B2_Heat,Bloque_2,Calor,G4,simulado,Prolina,65.64,Metabolómica
TRIGO_G4_B2_Heat,Bloque_2,Calor,G4,simulado,GABA,71.63,Metabolómica
TRIGO_G4_B2_Heat,Bloque_2,Calor,G4,simulado,Malato,60.06,Metabolómica
TRIGO_G4_B2_Heat,Bloque_2,Calor,G4,simulado,Citrato,56.6,Metabolómica
TRIGO_G5_B2_Heat,Bloque_2,Calor,G5,simulado,A_net,8.32,Fisiología
TRIGO_G5_B2_Heat,Bloque_2,Calor,G5,simulado,gs,0.17,Fisiología
TRIGO_G5_B2_Heat,Bloque_2,Calor,G5,simulado,Ci,285.3,Fisiología
TRIGO_G5_B2_Heat,Bloque_2,Calor,G5,simulado,E,1.88,Fisiología
TRIGO_G5_B2_Heat,Bloque_2,Calor,G5,simulado,Fv_Fm,0.734,Fisiología
TRIGO_G5_B2_Heat,Bloque_2,Calor,G5,simulado,SPAD,34.1,Fisiología
TRIGO_G5_B2_Heat,Bloque_2,Calor,G5,simulado,CTD,1.33,Fisiología
TRIGO_G5_B2_Heat,Bloque_2,Calor,G5,simulado,K_mg_g,28.13,Ionómica
TRIGO_G5_B2_Heat,Bloque_2,Calor,G5,simulado,Na_mg_g,1.72,Ionómica
TRIGO_G5_B2_Heat,Bloque_2,Calor,G5,simulado,Ca_mg_g,10.72,Ionómica
TRIGO_G5_B2_Heat,Bloque_2,Calor,G5,simulado,Mg_mg_g,3.21,Ionómica
TRIGO_G5_B2_Heat,Bloque_2,Calor,G5,simulado,P_mg_g,3.8,Ionómica
TRIGO_G5_B2_Heat,Bloque_2,Calor,G5,simulado,Fe_ug_g,101.7,Ionómica
TRIGO_G5_B2_Heat,Bloque_2,Calor,G5,simulado,Zn_ug_g,40.6,Ionómica
TRIGO_G5_B2_Heat,Bloque_2,Calor,G5,simulado,Mn_ug_g,69,Ionómica
TRIGO_G5_B2_Heat,Bloque_2,Calor,G5,simulado,Glucosa,109.67,Metabolómica
TRIGO_G5_B2_Heat,Bloque_2,Calor,G5,simulado,Fructosa,76.5,Metabolómica
TRIGO_G5_B2_Heat,Bloque_2,Calor,G5,simulado,Sacarosa,52.6,Metabolómica
TRIGO_G5_B2_Heat,Bloque_2,Calor,G5,simulado,Rafinosa,46.79,Metabolómica
TRIGO_G5_B2_Heat,Bloque_2,Calor,G5,simulado,Prolina,69.69,Metabolómica
TRIGO_G5_B2_Heat,Bloque_2,Calor,G5,simulado,GABA,73.02,Metabolómica
TRIGO_G5_B2_Heat,Bloque_2,Calor,G5,simulado,Malato,70.91,Metabolómica
TRIGO_G5_B2_Heat,Bloque_2,Calor,G5,simulado,Citrato,45.1,Metabolómica
TRIGO_G1_B3_Ctrl,Bloque_3,Control,G1,simulado,A_net,25.32,Fisiología
TRIGO_G1_B3_Ctrl,Bloque_3,Control,G1,simulado,gs,0.336,Fisiología
TRIGO_G1_B3_Ctrl,Bloque_3,Control,G1,simulado,Ci,198.8,Fisiología
TRIGO_G1_B3_Ctrl,Bloque_3,Control,G1,simulado,E,4.25,Fisiología
TRIGO_G1_B3_Ctrl,Bloque_3,Control,G1,simulado,Fv_Fm,0.826,Fisiología
TRIGO_G1_B3_Ctrl,Bloque_3,Control,G1,simulado,SPAD,48.5,Fisiología
TRIGO_G1_B3_Ctrl,Bloque_3,Control,G1,simulado,CTD,4.13,Fisiología
TRIGO_G1_B3_Ctrl,Bloque_3,Control,G1,simulado,K_mg_g,36.76,Ionómica
TRIGO_G1_B3_Ctrl,Bloque_3,Control,G1,simulado,Na_mg_g,1.12,Ionómica
TRIGO_G1_B3_Ctrl,Bloque_3,Control,G1,simulado,Ca_mg_g,8.16,Ionómica
TRIGO_G1_B3_Ctrl,Bloque_3,Control,G1,simulado,Mg_mg_g,3.61,Ionómica
TRIGO_G1_B3_Ctrl,Bloque_3,Control,G1,simulado,P_mg_g,4.59,Ionómica
TRIGO_G1_B3_Ctrl,Bloque_3,Control,G1,simulado,Fe_ug_g,115.6,Ionómica
TRIGO_G1_B3_Ctrl,Bloque_3,Control,G1,simulado,Zn_ug_g,44.1,Ionómica
TRIGO_G1_B3_Ctrl,Bloque_3,Control,G1,simulado,Mn_ug_g,66.2,Ionómica
TRIGO_G1_B3_Ctrl,Bloque_3,Control,G1,simulado,Glucosa,110.3,Metabolómica
TRIGO_G1_B3_Ctrl,Bloque_3,Control,G1,simulado,Fructosa,95.42,Metabolómica
TRIGO_G1_B3_Ctrl,Bloque_3,Control,G1,simulado,Sacarosa,99.97,Metabolómica
TRIGO_G1_B3_Ctrl,Bloque_3,Control,G1,simulado,Rafinosa,21.84,Metabolómica
TRIGO_G1_B3_Ctrl,Bloque_3,Control,G1,simulado,Prolina,42.65,Metabolómica
TRIGO_G1_B3_Ctrl,Bloque_3,Control,G1,simulado,GABA,47.97,Metabolómica
TRIGO_G1_B3_Ctrl,Bloque_3,Control,G1,simulado,Malato,73.11,Metabolómica
TRIGO_G1_B3_Ctrl,Bloque_3,Control,G1,simulado,Citrato,58.44,Metabolómica
TRIGO_G2_B3_Ctrl,Bloque_3,Control,G2,simulado,A_net,20.8,Fisiología
TRIGO_G2_B3_Ctrl,Bloque_3,Control,G2,simulado,gs,0.294,Fisiología
TRIGO_G2_B3_Ctrl,Bloque_3,Control,G2,simulado,Ci,213.7,Fisiología
TRIGO_G2_B3_Ctrl,Bloque_3,Control,G2,simulado,E,3.94,Fisiología
TRIGO_G2_B3_Ctrl,Bloque_3,Control,G2,simulado,Fv_Fm,0.811,Fisiología
TRIGO_G2_B3_Ctrl,Bloque_3,Control,G2,simulado,SPAD,42.2,Fisiología
TRIGO_G2_B3_Ctrl,Bloque_3,Control,G2,simulado,CTD,4.48,Fisiología
TRIGO_G2_B3_Ctrl,Bloque_3,Control,G2,simulado,K_mg_g,37.16,Ionómica
TRIGO_G2_B3_Ctrl,Bloque_3,Control,G2,simulado,Na_mg_g,1.22,Ionómica
TRIGO_G2_B3_Ctrl,Bloque_3,Control,G2,simulado,Ca_mg_g,8.26,Ionómica
TRIGO_G2_B3_Ctrl,Bloque_3,Control,G2,simulado,Mg_mg_g,3.55,Ionómica
TRIGO_G2_B3_Ctrl,Bloque_3,Control,G2,simulado,P_mg_g,4.11,Ionómica
TRIGO_G2_B3_Ctrl,Bloque_3,Control,G2,simulado,Fe_ug_g,121.5,Ionómica
TRIGO_G2_B3_Ctrl,Bloque_3,Control,G2,simulado,Zn_ug_g,39.2,Ionómica
TRIGO_G2_B3_Ctrl,Bloque_3,Control,G2,simulado,Mn_ug_g,63.5,Ionómica
TRIGO_G2_B3_Ctrl,Bloque_3,Control,G2,simulado,Glucosa,122.06,Metabolómica
TRIGO_G2_B3_Ctrl,Bloque_3,Control,G2,simulado,Fructosa,88.72,Metabolómica
TRIGO_G2_B3_Ctrl,Bloque_3,Control,G2,simulado,Sacarosa,86.64,Metabolómica
TRIGO_G2_B3_Ctrl,Bloque_3,Control,G2,simulado,Rafinosa,26.62,Metabolómica
TRIGO_G2_B3_Ctrl,Bloque_3,Control,G2,simulado,Prolina,38.81,Metabolómica
TRIGO_G2_B3_Ctrl,Bloque_3,Control,G2,simulado,GABA,47.17,Metabolómica
TRIGO_G2_B3_Ctrl,Bloque_3,Control,G2,simulado,Malato,67.2,Metabolómica
TRIGO_G2_B3_Ctrl,Bloque_3,Control,G2,simulado,Citrato,57.15,Metabolómica
TRIGO_G3_B3_Ctrl,Bloque_3,Control,G3,simulado,A_net,24.06,Fisiología
TRIGO_G3_B3_Ctrl,Bloque_3,Control,G3,simulado,gs,0.317,Fisiología
TRIGO_G3_B3_Ctrl,Bloque_3,Control,G3,simulado,Ci,214.9,Fisiología
TRIGO_G3_B3_Ctrl,Bloque_3,Control,G3,simulado,E,3.64,Fisiología
TRIGO_G3_B3_Ctrl,Bloque_3,Control,G3,simulado,Fv_Fm,0.809,Fisiología
TRIGO_G3_B3_Ctrl,Bloque_3,Control,G3,simulado,SPAD,46,Fisiología
TRIGO_G3_B3_Ctrl,Bloque_3,Control,G3,simulado,CTD,3.2,Fisiología
TRIGO_G3_B3_Ctrl,Bloque_3,Control,G3,simulado,K_mg_g,39.12,Ionómica
TRIGO_G3_B3_Ctrl,Bloque_3,Control,G3,simulado,Na_mg_g,1.22,Ionómica
TRIGO_G3_B3_Ctrl,Bloque_3,Control,G3,simulado,Ca_mg_g,7.65,Ionómica
TRIGO_G3_B3_Ctrl,Bloque_3,Control,G3,simulado,Mg_mg_g,3.15,Ionómica
TRIGO_G3_B3_Ctrl,Bloque_3,Control,G3,simulado,P_mg_g,3.93,Ionómica
TRIGO_G3_B3_Ctrl,Bloque_3,Control,G3,simulado,Fe_ug_g,101.6,Ionómica
TRIGO_G3_B3_Ctrl,Bloque_3,Control,G3,simulado,Zn_ug_g,43.3,Ionómica
TRIGO_G3_B3_Ctrl,Bloque_3,Control,G3,simulado,Mn_ug_g,67.2,Ionómica
TRIGO_G3_B3_Ctrl,Bloque_3,Control,G3,simulado,Glucosa,127.44,Metabolómica
TRIGO_G3_B3_Ctrl,Bloque_3,Control,G3,simulado,Fructosa,86.05,Metabolómica
TRIGO_G3_B3_Ctrl,Bloque_3,Control,G3,simulado,Sacarosa,88.28,Metabolómica
TRIGO_G3_B3_Ctrl,Bloque_3,Control,G3,simulado,Rafinosa,25.35,Metabolómica
TRIGO_G3_B3_Ctrl,Bloque_3,Control,G3,simulado,Prolina,40.21,Metabolómica
TRIGO_G3_B3_Ctrl,Bloque_3,Control,G3,simulado,GABA,45.09,Metabolómica
TRIGO_G3_B3_Ctrl,Bloque_3,Control,G3,simulado,Malato,72.82,Metabolómica
TRIGO_G3_B3_Ctrl,Bloque_3,Control,G3,simulado,Citrato,59.01,Metabolómica
TRIGO_G4_B3_Ctrl,Bloque_3,Control,G4,simulado,A_net,19.72,Fisiología
TRIGO_G4_B3_Ctrl,Bloque_3,Control,G4,simulado,gs,0.264,Fisiología
TRIGO_G4_B3_Ctrl,Bloque_3,Control,G4,simulado,Ci,208,Fisiología
TRIGO_G4_B3_Ctrl,Bloque_3,Control,G4,simulado,E,3.34,Fisiología
TRIGO_G4_B3_Ctrl,Bloque_3,Control,G4,simulado,Fv_Fm,0.825,Fisiología
TRIGO_G4_B3_Ctrl,Bloque_3,Control,G4,simulado,SPAD,42.6,Fisiología
TRIGO_G4_B3_Ctrl,Bloque_3,Control,G4,simulado,CTD,4.09,Fisiología
TRIGO_G4_B3_Ctrl,Bloque_3,Control,G4,simulado,K_mg_g,38.92,Ionómica
TRIGO_G4_B3_Ctrl,Bloque_3,Control,G4,simulado,Na_mg_g,1.15,Ionómica
TRIGO_G4_B3_Ctrl,Bloque_3,Control,G4,simulado,Ca_mg_g,8.29,Ionómica
TRIGO_G4_B3_Ctrl,Bloque_3,Control,G4,simulado,Mg_mg_g,3.39,Ionómica
TRIGO_G4_B3_Ctrl,Bloque_3,Control,G4,simulado,P_mg_g,4.15,Ionómica
TRIGO_G4_B3_Ctrl,Bloque_3,Control,G4,simulado,Fe_ug_g,113.4,Ionómica
TRIGO_G4_B3_Ctrl,Bloque_3,Control,G4,simulado,Zn_ug_g,45.6,Ionómica
TRIGO_G4_B3_Ctrl,Bloque_3,Control,G4,simulado,Mn_ug_g,72.9,Ionómica
TRIGO_G4_B3_Ctrl,Bloque_3,Control,G4,simulado,Glucosa,107.26,Metabolómica
TRIGO_G4_B3_Ctrl,Bloque_3,Control,G4,simulado,Fructosa,92.77,Metabolómica
TRIGO_G4_B3_Ctrl,Bloque_3,Control,G4,simulado,Sacarosa,93.43,Metabolómica
TRIGO_G4_B3_Ctrl,Bloque_3,Control,G4,simulado,Rafinosa,27.99,Metabolómica
TRIGO_G4_B3_Ctrl,Bloque_3,Control,G4,simulado,Prolina,40.64,Metabolómica
TRIGO_G4_B3_Ctrl,Bloque_3,Control,G4,simulado,GABA,45.54,Metabolómica
TRIGO_G4_B3_Ctrl,Bloque_3,Control,G4,simulado,Malato,80.87,Metabolómica
TRIGO_G4_B3_Ctrl,Bloque_3,Control,G4,simulado,Citrato,55.03,Metabolómica
TRIGO_G5_B3_Ctrl,Bloque_3,Control,G5,simulado,A_net,20.51,Fisiología
TRIGO_G5_B3_Ctrl,Bloque_3,Control,G5,simulado,gs,0.324,Fisiología
TRIGO_G5_B3_Ctrl,Bloque_3,Control,G5,simulado,Ci,217.6,Fisiología
TRIGO_G5_B3_Ctrl,Bloque_3,Control,G5,simulado,E,4.1,Fisiología
TRIGO_G5_B3_Ctrl,Bloque_3,Control,G5,simulado,Fv_Fm,0.818,Fisiología
TRIGO_G5_B3_Ctrl,Bloque_3,Control,G5,simulado,SPAD,44.3,Fisiología
TRIGO_G5_B3_Ctrl,Bloque_3,Control,G5,simulado,CTD,4.4,Fisiología
TRIGO_G5_B3_Ctrl,Bloque_3,Control,G5,simulado,K_mg_g,37.97,Ionómica
TRIGO_G5_B3_Ctrl,Bloque_3,Control,G5,simulado,Na_mg_g,1.15,Ionómica
TRIGO_G5_B3_Ctrl,Bloque_3,Control,G5,simulado,Ca_mg_g,8.2,Ionómica
TRIGO_G5_B3_Ctrl,Bloque_3,Control,G5,simulado,Mg_mg_g,3.33,Ionómica
TRIGO_G5_B3_Ctrl,Bloque_3,Control,G5,simulado,P_mg_g,4.07,Ionómica
TRIGO_G5_B3_Ctrl,Bloque_3,Control,G5,simulado,Fe_ug_g,106.1,Ionómica
TRIGO_G5_B3_Ctrl,Bloque_3,Control,G5,simulado,Zn_ug_g,35.8,Ionómica
TRIGO_G5_B3_Ctrl,Bloque_3,Control,G5,simulado,Mn_ug_g,65.6,Ionómica
TRIGO_G5_B3_Ctrl,Bloque_3,Control,G5,simulado,Glucosa,136.68,Metabolómica
TRIGO_G5_B3_Ctrl,Bloque_3,Control,G5,simulado,Fructosa,77.69,Metabolómica
TRIGO_G5_B3_Ctrl,Bloque_3,Control,G5,simulado,Sacarosa,91.11,Metabolómica
TRIGO_G5_B3_Ctrl,Bloque_3,Control,G5,simulado,Rafinosa,26.01,Metabolómica
TRIGO_G5_B3_Ctrl,Bloque_3,Control,G5,simulado,Prolina,43.79,Metabolómica
TRIGO_G5_B3_Ctrl,Bloque_3,Control,G5,simulado,GABA,47.14,Metabolómica
TRIGO_G5_B3_Ctrl,Bloque_3,Control,G5,simulado,Malato,62.74,Metabolómica
TRIGO_G5_B3_Ctrl,Bloque_3,Control,G5,simulado,Citrato,65.7,Metabolómica
TRIGO_G1_B3_Heat,Bloque_3,Calor,G1,simulado,A_net,18.09,Fisiología
TRIGO_G1_B3_Heat,Bloque_3,Calor,G1,simulado,gs,0.202,Fisiología
TRIGO_G1_B3_Heat,Bloque_3,Calor,G1,simulado,Ci,298.1,Fisiología
TRIGO_G1_B3_Heat,Bloque_3,Calor,G1,simulado,E,2.68,Fisiología
TRIGO_G1_B3_Heat,Bloque_3,Calor,G1,simulado,Fv_Fm,0.794,Fisiología
TRIGO_G1_B3_Heat,Bloque_3,Calor,G1,simulado,SPAD,44,Fisiología
TRIGO_G1_B3_Heat,Bloque_3,Calor,G1,simulado,CTD,2.83,Fisiología
TRIGO_G1_B3_Heat,Bloque_3,Calor,G1,simulado,K_mg_g,35.21,Ionómica
TRIGO_G1_B3_Heat,Bloque_3,Calor,G1,simulado,Na_mg_g,1.83,Ionómica
TRIGO_G1_B3_Heat,Bloque_3,Calor,G1,simulado,Ca_mg_g,11.29,Ionómica
TRIGO_G1_B3_Heat,Bloque_3,Calor,G1,simulado,Mg_mg_g,3.47,Ionómica
TRIGO_G1_B3_Heat,Bloque_3,Calor,G1,simulado,P_mg_g,4.04,Ionómica
TRIGO_G1_B3_Heat,Bloque_3,Calor,G1,simulado,Fe_ug_g,107.1,Ionómica
TRIGO_G1_B3_Heat,Bloque_3,Calor,G1,simulado,Zn_ug_g,40,Ionómica
TRIGO_G1_B3_Heat,Bloque_3,Calor,G1,simulado,Mn_ug_g,65.9,Ionómica
TRIGO_G1_B3_Heat,Bloque_3,Calor,G1,simulado,Glucosa,99.97,Metabolómica
TRIGO_G1_B3_Heat,Bloque_3,Calor,G1,simulado,Fructosa,76.69,Metabolómica
TRIGO_G1_B3_Heat,Bloque_3,Calor,G1,simulado,Sacarosa,74.58,Metabolómica
TRIGO_G1_B3_Heat,Bloque_3,Calor,G1,simulado,Rafinosa,40.96,Metabolómica
TRIGO_G1_B3_Heat,Bloque_3,Calor,G1,simulado,Prolina,60.01,Metabolómica
TRIGO_G1_B3_Heat,Bloque_3,Calor,G1,simulado,GABA,68.23,Metabolómica
TRIGO_G1_B3_Heat,Bloque_3,Calor,G1,simulado,Malato,74.99,Metabolómica
TRIGO_G1_B3_Heat,Bloque_3,Calor,G1,simulado,Citrato,57.71,Metabolómica
TRIGO_G2_B3_Heat,Bloque_3,Calor,G2,simulado,A_net,8.53,Fisiología
TRIGO_G2_B3_Heat,Bloque_3,Calor,G2,simulado,gs,0.149,Fisiología
TRIGO_G2_B3_Heat,Bloque_3,Calor,G2,simulado,Ci,327.7,Fisiología
TRIGO_G2_B3_Heat,Bloque_3,Calor,G2,simulado,E,1.62,Fisiología
TRIGO_G2_B3_Heat,Bloque_3,Calor,G2,simulado,Fv_Fm,0.689,Fisiología
TRIGO_G2_B3_Heat,Bloque_3,Calor,G2,simulado,SPAD,34.1,Fisiología
TRIGO_G2_B3_Heat,Bloque_3,Calor,G2,simulado,CTD,1.59,Fisiología
TRIGO_G2_B3_Heat,Bloque_3,Calor,G2,simulado,K_mg_g,29.3,Ionómica
TRIGO_G2_B3_Heat,Bloque_3,Calor,G2,simulado,Na_mg_g,1.58,Ionómica
TRIGO_G2_B3_Heat,Bloque_3,Calor,G2,simulado,Ca_mg_g,11.41,Ionómica
TRIGO_G2_B3_Heat,Bloque_3,Calor,G2,simulado,Mg_mg_g,3.01,Ionómica
TRIGO_G2_B3_Heat,Bloque_3,Calor,G2,simulado,P_mg_g,4.25,Ionómica
TRIGO_G2_B3_Heat,Bloque_3,Calor,G2,simulado,Fe_ug_g,106.4,Ionómica
TRIGO_G2_B3_Heat,Bloque_3,Calor,G2,simulado,Zn_ug_g,43.4,Ionómica
TRIGO_G2_B3_Heat,Bloque_3,Calor,G2,simulado,Mn_ug_g,63.4,Ionómica
TRIGO_G2_B3_Heat,Bloque_3,Calor,G2,simulado,Glucosa,101.07,Metabolómica
TRIGO_G2_B3_Heat,Bloque_3,Calor,G2,simulado,Fructosa,60.87,Metabolómica
TRIGO_G2_B3_Heat,Bloque_3,Calor,G2,simulado,Sacarosa,60.08,Metabolómica
TRIGO_G2_B3_Heat,Bloque_3,Calor,G2,simulado,Rafinosa,51.7,Metabolómica
TRIGO_G2_B3_Heat,Bloque_3,Calor,G2,simulado,Prolina,73.16,Metabolómica
TRIGO_G2_B3_Heat,Bloque_3,Calor,G2,simulado,GABA,82.71,Metabolómica
TRIGO_G2_B3_Heat,Bloque_3,Calor,G2,simulado,Malato,59.02,Metabolómica
TRIGO_G2_B3_Heat,Bloque_3,Calor,G2,simulado,Citrato,39.22,Metabolómica
TRIGO_G3_B3_Heat,Bloque_3,Calor,G3,simulado,A_net,18.3,Fisiología
TRIGO_G3_B3_Heat,Bloque_3,Calor,G3,simulado,gs,0.195,Fisiología
TRIGO_G3_B3_Heat,Bloque_3,Calor,G3,simulado,Ci,293.5,Fisiología
TRIGO_G3_B3_Heat,Bloque_3,Calor,G3,simulado,E,2.17,Fisiología
TRIGO_G3_B3_Heat,Bloque_3,Calor,G3,simulado,Fv_Fm,0.779,Fisiología
TRIGO_G3_B3_Heat,Bloque_3,Calor,G3,simulado,SPAD,40.1,Fisiología
TRIGO_G3_B3_Heat,Bloque_3,Calor,G3,simulado,CTD,2.77,Fisiología
TRIGO_G3_B3_Heat,Bloque_3,Calor,G3,simulado,K_mg_g,33.94,Ionómica
TRIGO_G3_B3_Heat,Bloque_3,Calor,G3,simulado,Na_mg_g,1.59,Ionómica
TRIGO_G3_B3_Heat,Bloque_3,Calor,G3,simulado,Ca_mg_g,12.33,Ionómica
TRIGO_G3_B3_Heat,Bloque_3,Calor,G3,simulado,Mg_mg_g,3.34,Ionómica
TRIGO_G3_B3_Heat,Bloque_3,Calor,G3,simulado,P_mg_g,4.29,Ionómica
TRIGO_G3_B3_Heat,Bloque_3,Calor,G3,simulado,Fe_ug_g,104.8,Ionómica
TRIGO_G3_B3_Heat,Bloque_3,Calor,G3,simulado,Zn_ug_g,41.5,Ionómica
TRIGO_G3_B3_Heat,Bloque_3,Calor,G3,simulado,Mn_ug_g,62,Ionómica
TRIGO_G3_B3_Heat,Bloque_3,Calor,G3,simulado,Glucosa,110.42,Metabolómica
TRIGO_G3_B3_Heat,Bloque_3,Calor,G3,simulado,Fructosa,69,Metabolómica
TRIGO_G3_B3_Heat,Bloque_3,Calor,G3,simulado,Sacarosa,65.63,Metabolómica
TRIGO_G3_B3_Heat,Bloque_3,Calor,G3,simulado,Rafinosa,41.8,Metabolómica
TRIGO_G3_B3_Heat,Bloque_3,Calor,G3,simulado,Prolina,65.79,Metabolómica
TRIGO_G3_B3_Heat,Bloque_3,Calor,G3,simulado,GABA,67.55,Metabolómica
TRIGO_G3_B3_Heat,Bloque_3,Calor,G3,simulado,Malato,59,Metabolómica
TRIGO_G3_B3_Heat,Bloque_3,Calor,G3,simulado,Citrato,45.95,Metabolómica
TRIGO_G4_B3_Heat,Bloque_3,Calor,G4,simulado,A_net,8.97,Fisiología
TRIGO_G4_B3_Heat,Bloque_3,Calor,G4,simulado,gs,0.157,Fisiología
TRIGO_G4_B3_Heat,Bloque_3,Calor,G4,simulado,Ci,295.2,Fisiología
TRIGO_G4_B3_Heat,Bloque_3,Calor,G4,simulado,E,2.07,Fisiología
TRIGO_G4_B3_Heat,Bloque_3,Calor,G4,simulado,Fv_Fm,0.663,Fisiología
TRIGO_G4_B3_Heat,Bloque_3,Calor,G4,simulado,SPAD,32.7,Fisiología
TRIGO_G4_B3_Heat,Bloque_3,Calor,G4,simulado,CTD,0.97,Fisiología
TRIGO_G4_B3_Heat,Bloque_3,Calor,G4,simulado,K_mg_g,27.98,Ionómica
TRIGO_G4_B3_Heat,Bloque_3,Calor,G4,simulado,Na_mg_g,1.69,Ionómica
TRIGO_G4_B3_Heat,Bloque_3,Calor,G4,simulado,Ca_mg_g,11.77,Ionómica
TRIGO_G4_B3_Heat,Bloque_3,Calor,G4,simulado,Mg_mg_g,3.41,Ionómica
TRIGO_G4_B3_Heat,Bloque_3,Calor,G4,simulado,P_mg_g,3.97,Ionómica
TRIGO_G4_B3_Heat,Bloque_3,Calor,G4,simulado,Fe_ug_g,110.3,Ionómica
TRIGO_G4_B3_Heat,Bloque_3,Calor,G4,simulado,Zn_ug_g,42.9,Ionómica
TRIGO_G4_B3_Heat,Bloque_3,Calor,G4,simulado,Mn_ug_g,67.9,Ionómica
TRIGO_G4_B3_Heat,Bloque_3,Calor,G4,simulado,Glucosa,85.48,Metabolómica
TRIGO_G4_B3_Heat,Bloque_3,Calor,G4,simulado,Fructosa,85.41,Metabolómica
TRIGO_G4_B3_Heat,Bloque_3,Calor,G4,simulado,Sacarosa,84.8,Metabolómica
TRIGO_G4_B3_Heat,Bloque_3,Calor,G4,simulado,Rafinosa,44.8,Metabolómica
TRIGO_G4_B3_Heat,Bloque_3,Calor,G4,simulado,Prolina,62.08,Metabolómica
TRIGO_G4_B3_Heat,Bloque_3,Calor,G4,simulado,GABA,71.56,Metabolómica
TRIGO_G4_B3_Heat,Bloque_3,Calor,G4,simulado,Malato,62.84,Metabolómica
TRIGO_G4_B3_Heat,Bloque_3,Calor,G4,simulado,Citrato,54.59,Metabolómica
TRIGO_G5_B3_Heat,Bloque_3,Calor,G5,simulado,A_net,9.22,Fisiología
TRIGO_G5_B3_Heat,Bloque_3,Calor,G5,simulado,gs,0.137,Fisiología
TRIGO_G5_B3_Heat,Bloque_3,Calor,G5,simulado,Ci,288.5,Fisiología
TRIGO_G5_B3_Heat,Bloque_3,Calor,G5,simulado,E,1.77,Fisiología
TRIGO_G5_B3_Heat,Bloque_3,Calor,G5,simulado,Fv_Fm,0.65,Fisiología
TRIGO_G5_B3_Heat,Bloque_3,Calor,G5,simulado,SPAD,35.2,Fisiología
TRIGO_G5_B3_Heat,Bloque_3,Calor,G5,simulado,CTD,1.14,Fisiología
TRIGO_G5_B3_Heat,Bloque_3,Calor,G5,simulado,K_mg_g,26.64,Ionómica
TRIGO_G5_B3_Heat,Bloque_3,Calor,G5,simulado,Na_mg_g,1.77,Ionómica
TRIGO_G5_B3_Heat,Bloque_3,Calor,G5,simulado,Ca_mg_g,10.85,Ionómica
TRIGO_G5_B3_Heat,Bloque_3,Calor,G5,simulado,Mg_mg_g,2.85,Ionómica
TRIGO_G5_B3_Heat,Bloque_3,Calor,G5,simulado,P_mg_g,3.96,Ionómica
TRIGO_G5_B3_Heat,Bloque_3,Calor,G5,simulado,Fe_ug_g,105,Ionómica
TRIGO_G5_B3_Heat,Bloque_3,Calor,G5,simulado,Zn_ug_g,40.5,Ionómica
TRIGO_G5_B3_Heat,Bloque_3,Calor,G5,simulado,Mn_ug_g,62,Ionómica
TRIGO_G5_B3_Heat,Bloque_3,Calor,G5,simulado,Glucosa,98.58,Metabolómica
TRIGO_G5_B3_Heat,Bloque_3,Calor,G5,simulado,Fructosa,71.21,Metabolómica
TRIGO_G5_B3_Heat,Bloque_3,Calor,G5,simulado,Sacarosa,65.3,Metabolómica
TRIGO_G5_B3_Heat,Bloque_3,Calor,G5,simulado,Rafinosa,41.74,Metabolómica
TRIGO_G5_B3_Heat,Bloque_3,Calor,G5,simulado,Prolina,66.35,Metabolómica
TRIGO_G5_B3_Heat,Bloque_3,Calor,G5,simulado,GABA,68.58,Metabolómica
TRIGO_G5_B3_Heat,Bloque_3,Calor,G5,simulado,Malato,56.39,Metabolómica
TRIGO_G5_B3_Heat,Bloque_3,Calor,G5,simulado,Citrato,49.22,Metabolómica
TRIGO_G1_B4_Ctrl,Bloque_4,Control,G1,simulado,A_net,23.46,Fisiología
TRIGO_G1_B4_Ctrl,Bloque_4,Control,G1,simulado,gs,0.361,Fisiología
TRIGO_G1_B4_Ctrl,Bloque_4,Control,G1,simulado,Ci,191.2,Fisiología
TRIGO_G1_B4_Ctrl,Bloque_4,Control,G1,simulado,E,4.56,Fisiología
TRIGO_G1_B4_Ctrl,Bloque_4,Control,G1,simulado,Fv_Fm,0.816,Fisiología
TRIGO_G1_B4_Ctrl,Bloque_4,Control,G1,simulado,SPAD,43.9,Fisiología
TRIGO_G1_B4_Ctrl,Bloque_4,Control,G1,simulado,CTD,5.08,Fisiología
TRIGO_G1_B4_Ctrl,Bloque_4,Control,G1,simulado,K_mg_g,37.67,Ionómica
TRIGO_G1_B4_Ctrl,Bloque_4,Control,G1,simulado,Na_mg_g,1.23,Ionómica
TRIGO_G1_B4_Ctrl,Bloque_4,Control,G1,simulado,Ca_mg_g,8.14,Ionómica
TRIGO_G1_B4_Ctrl,Bloque_4,Control,G1,simulado,Mg_mg_g,2.96,Ionómica
TRIGO_G1_B4_Ctrl,Bloque_4,Control,G1,simulado,P_mg_g,4.03,Ionómica
TRIGO_G1_B4_Ctrl,Bloque_4,Control,G1,simulado,Fe_ug_g,111.6,Ionómica
TRIGO_G1_B4_Ctrl,Bloque_4,Control,G1,simulado,Zn_ug_g,42.2,Ionómica
TRIGO_G1_B4_Ctrl,Bloque_4,Control,G1,simulado,Mn_ug_g,65.3,Ionómica
TRIGO_G1_B4_Ctrl,Bloque_4,Control,G1,simulado,Glucosa,103.58,Metabolómica
TRIGO_G1_B4_Ctrl,Bloque_4,Control,G1,simulado,Fructosa,93.83,Metabolómica
TRIGO_G1_B4_Ctrl,Bloque_4,Control,G1,simulado,Sacarosa,112.02,Metabolómica
TRIGO_G1_B4_Ctrl,Bloque_4,Control,G1,simulado,Rafinosa,24.22,Metabolómica
TRIGO_G1_B4_Ctrl,Bloque_4,Control,G1,simulado,Prolina,43.22,Metabolómica
TRIGO_G1_B4_Ctrl,Bloque_4,Control,G1,simulado,GABA,42.51,Metabolómica
TRIGO_G1_B4_Ctrl,Bloque_4,Control,G1,simulado,Malato,60.91,Metabolómica
TRIGO_G1_B4_Ctrl,Bloque_4,Control,G1,simulado,Citrato,60.25,Metabolómica
TRIGO_G2_B4_Ctrl,Bloque_4,Control,G2,simulado,A_net,22.67,Fisiología
TRIGO_G2_B4_Ctrl,Bloque_4,Control,G2,simulado,gs,0.346,Fisiología
TRIGO_G2_B4_Ctrl,Bloque_4,Control,G2,simulado,Ci,219.6,Fisiología
TRIGO_G2_B4_Ctrl,Bloque_4,Control,G2,simulado,E,4.39,Fisiología
TRIGO_G2_B4_Ctrl,Bloque_4,Control,G2,simulado,Fv_Fm,0.829,Fisiología
TRIGO_G2_B4_Ctrl,Bloque_4,Control,G2,simulado,SPAD,45.3,Fisiología
TRIGO_G2_B4_Ctrl,Bloque_4,Control,G2,simulado,CTD,3.93,Fisiología
TRIGO_G2_B4_Ctrl,Bloque_4,Control,G2,simulado,K_mg_g,39.65,Ionómica
TRIGO_G2_B4_Ctrl,Bloque_4,Control,G2,simulado,Na_mg_g,1.35,Ionómica
TRIGO_G2_B4_Ctrl,Bloque_4,Control,G2,simulado,Ca_mg_g,8.7,Ionómica
TRIGO_G2_B4_Ctrl,Bloque_4,Control,G2,simulado,Mg_mg_g,2.79,Ionómica
TRIGO_G2_B4_Ctrl,Bloque_4,Control,G2,simulado,P_mg_g,3.52,Ionómica
TRIGO_G2_B4_Ctrl,Bloque_4,Control,G2,simulado,Fe_ug_g,109.7,Ionómica
TRIGO_G2_B4_Ctrl,Bloque_4,Control,G2,simulado,Zn_ug_g,41.6,Ionómica
TRIGO_G2_B4_Ctrl,Bloque_4,Control,G2,simulado,Mn_ug_g,63.3,Ionómica
TRIGO_G2_B4_Ctrl,Bloque_4,Control,G2,simulado,Glucosa,131.91,Metabolómica
TRIGO_G2_B4_Ctrl,Bloque_4,Control,G2,simulado,Fructosa,75.44,Metabolómica
TRIGO_G2_B4_Ctrl,Bloque_4,Control,G2,simulado,Sacarosa,94.7,Metabolómica
TRIGO_G2_B4_Ctrl,Bloque_4,Control,G2,simulado,Rafinosa,23.61,Metabolómica
TRIGO_G2_B4_Ctrl,Bloque_4,Control,G2,simulado,Prolina,41.2,Metabolómica
TRIGO_G2_B4_Ctrl,Bloque_4,Control,G2,simulado,GABA,46.48,Metabolómica
TRIGO_G2_B4_Ctrl,Bloque_4,Control,G2,simulado,Malato,64.37,Metabolómica
TRIGO_G2_B4_Ctrl,Bloque_4,Control,G2,simulado,Citrato,61.07,Metabolómica
TRIGO_G3_B4_Ctrl,Bloque_4,Control,G3,simulado,A_net,23.99,Fisiología
TRIGO_G3_B4_Ctrl,Bloque_4,Control,G3,simulado,gs,0.349,Fisiología
TRIGO_G3_B4_Ctrl,Bloque_4,Control,G3,simulado,Ci,220.9,Fisiología
TRIGO_G3_B4_Ctrl,Bloque_4,Control,G3,simulado,E,4.23,Fisiología
TRIGO_G3_B4_Ctrl,Bloque_4,Control,G3,simulado,Fv_Fm,0.822,Fisiología
TRIGO_G3_B4_Ctrl,Bloque_4,Control,G3,simulado,SPAD,45.1,Fisiología
TRIGO_G3_B4_Ctrl,Bloque_4,Control,G3,simulado,CTD,4.97,Fisiología
TRIGO_G3_B4_Ctrl,Bloque_4,Control,G3,simulado,K_mg_g,39.24,Ionómica
TRIGO_G3_B4_Ctrl,Bloque_4,Control,G3,simulado,Na_mg_g,1.29,Ionómica
TRIGO_G3_B4_Ctrl,Bloque_4,Control,G3,simulado,Ca_mg_g,7.97,Ionómica
TRIGO_G3_B4_Ctrl,Bloque_4,Control,G3,simulado,Mg_mg_g,3.15,Ionómica
TRIGO_G3_B4_Ctrl,Bloque_4,Control,G3,simulado,P_mg_g,3.72,Ionómica
TRIGO_G3_B4_Ctrl,Bloque_4,Control,G3,simulado,Fe_ug_g,108.6,Ionómica
TRIGO_G3_B4_Ctrl,Bloque_4,Control,G3,simulado,Zn_ug_g,44.9,Ionómica
TRIGO_G3_B4_Ctrl,Bloque_4,Control,G3,simulado,Mn_ug_g,66.7,Ionómica
TRIGO_G3_B4_Ctrl,Bloque_4,Control,G3,simulado,Glucosa,124.23,Metabolómica
TRIGO_G3_B4_Ctrl,Bloque_4,Control,G3,simulado,Fructosa,91.15,Metabolómica
TRIGO_G3_B4_Ctrl,Bloque_4,Control,G3,simulado,Sacarosa,104.33,Metabolómica
TRIGO_G3_B4_Ctrl,Bloque_4,Control,G3,simulado,Rafinosa,24.69,Metabolómica
TRIGO_G3_B4_Ctrl,Bloque_4,Control,G3,simulado,Prolina,35.7,Metabolómica
TRIGO_G3_B4_Ctrl,Bloque_4,Control,G3,simulado,GABA,48.91,Metabolómica
TRIGO_G3_B4_Ctrl,Bloque_4,Control,G3,simulado,Malato,59.83,Metabolómica
TRIGO_G3_B4_Ctrl,Bloque_4,Control,G3,simulado,Citrato,67.76,Metabolómica
TRIGO_G4_B4_Ctrl,Bloque_4,Control,G4,simulado,A_net,20.05,Fisiología
TRIGO_G4_B4_Ctrl,Bloque_4,Control,G4,simulado,gs,0.347,Fisiología
TRIGO_G4_B4_Ctrl,Bloque_4,Control,G4,simulado,Ci,256.9,Fisiología
TRIGO_G4_B4_Ctrl,Bloque_4,Control,G4,simulado,E,4.38,Fisiología
TRIGO_G4_B4_Ctrl,Bloque_4,Control,G4,simulado,Fv_Fm,0.808,Fisiología
TRIGO_G4_B4_Ctrl,Bloque_4,Control,G4,simulado,SPAD,44,Fisiología
TRIGO_G4_B4_Ctrl,Bloque_4,Control,G4,simulado,CTD,4.5,Fisiología
TRIGO_G4_B4_Ctrl,Bloque_4,Control,G4,simulado,K_mg_g,39.22,Ionómica
TRIGO_G4_B4_Ctrl,Bloque_4,Control,G4,simulado,Na_mg_g,1.18,Ionómica
TRIGO_G4_B4_Ctrl,Bloque_4,Control,G4,simulado,Ca_mg_g,9.23,Ionómica
TRIGO_G4_B4_Ctrl,Bloque_4,Control,G4,simulado,Mg_mg_g,3.34,Ionómica
TRIGO_G4_B4_Ctrl,Bloque_4,Control,G4,simulado,P_mg_g,4.44,Ionómica
TRIGO_G4_B4_Ctrl,Bloque_4,Control,G4,simulado,Fe_ug_g,104.6,Ionómica
TRIGO_G4_B4_Ctrl,Bloque_4,Control,G4,simulado,Zn_ug_g,42.6,Ionómica
TRIGO_G4_B4_Ctrl,Bloque_4,Control,G4,simulado,Mn_ug_g,66.2,Ionómica
TRIGO_G4_B4_Ctrl,Bloque_4,Control,G4,simulado,Glucosa,129.29,Metabolómica
TRIGO_G4_B4_Ctrl,Bloque_4,Control,G4,simulado,Fructosa,84.01,Metabolómica
TRIGO_G4_B4_Ctrl,Bloque_4,Control,G4,simulado,Sacarosa,96.59,Metabolómica
TRIGO_G4_B4_Ctrl,Bloque_4,Control,G4,simulado,Rafinosa,26.29,Metabolómica
TRIGO_G4_B4_Ctrl,Bloque_4,Control,G4,simulado,Prolina,41.01,Metabolómica
TRIGO_G4_B4_Ctrl,Bloque_4,Control,G4,simulado,GABA,48.38,Metabolómica
TRIGO_G4_B4_Ctrl,Bloque_4,Control,G4,simulado,Malato,72.73,Metabolómica
TRIGO_G4_B4_Ctrl,Bloque_4,Control,G4,simulado,Citrato,59,Metabolómica
TRIGO_G5_B4_Ctrl,Bloque_4,Control,G5,simulado,A_net,21.74,Fisiología
TRIGO_G5_B4_Ctrl,Bloque_4,Control,G5,simulado,gs,0.221,Fisiología
TRIGO_G5_B4_Ctrl,Bloque_4,Control,G5,simulado,Ci,217.1,Fisiología
TRIGO_G5_B4_Ctrl,Bloque_4,Control,G5,simulado,E,2.82,Fisiología
TRIGO_G5_B4_Ctrl,Bloque_4,Control,G5,simulado,Fv_Fm,0.822,Fisiología
TRIGO_G5_B4_Ctrl,Bloque_4,Control,G5,simulado,SPAD,48.2,Fisiología
TRIGO_G5_B4_Ctrl,Bloque_4,Control,G5,simulado,CTD,4.11,Fisiología
TRIGO_G5_B4_Ctrl,Bloque_4,Control,G5,simulado,K_mg_g,39.96,Ionómica
TRIGO_G5_B4_Ctrl,Bloque_4,Control,G5,simulado,Na_mg_g,1.2,Ionómica
TRIGO_G5_B4_Ctrl,Bloque_4,Control,G5,simulado,Ca_mg_g,8.97,Ionómica
TRIGO_G5_B4_Ctrl,Bloque_4,Control,G5,simulado,Mg_mg_g,3.5,Ionómica
TRIGO_G5_B4_Ctrl,Bloque_4,Control,G5,simulado,P_mg_g,4.51,Ionómica
TRIGO_G5_B4_Ctrl,Bloque_4,Control,G5,simulado,Fe_ug_g,106.5,Ionómica
TRIGO_G5_B4_Ctrl,Bloque_4,Control,G5,simulado,Zn_ug_g,42.8,Ionómica
TRIGO_G5_B4_Ctrl,Bloque_4,Control,G5,simulado,Mn_ug_g,68.6,Ionómica
TRIGO_G5_B4_Ctrl,Bloque_4,Control,G5,simulado,Glucosa,127.87,Metabolómica
TRIGO_G5_B4_Ctrl,Bloque_4,Control,G5,simulado,Fructosa,77.24,Metabolómica
TRIGO_G5_B4_Ctrl,Bloque_4,Control,G5,simulado,Sacarosa,102.53,Metabolómica
TRIGO_G5_B4_Ctrl,Bloque_4,Control,G5,simulado,Rafinosa,25.27,Metabolómica
TRIGO_G5_B4_Ctrl,Bloque_4,Control,G5,simulado,Prolina,42.01,Metabolómica
TRIGO_G5_B4_Ctrl,Bloque_4,Control,G5,simulado,GABA,46.24,Metabolómica
TRIGO_G5_B4_Ctrl,Bloque_4,Control,G5,simulado,Malato,70.23,Metabolómica
TRIGO_G5_B4_Ctrl,Bloque_4,Control,G5,simulado,Citrato,50.81,Metabolómica
TRIGO_G1_B4_Heat,Bloque_4,Calor,G1,simulado,A_net,17.02,Fisiología
TRIGO_G1_B4_Heat,Bloque_4,Calor,G1,simulado,gs,0.191,Fisiología
TRIGO_G1_B4_Heat,Bloque_4,Calor,G1,simulado,Ci,296,Fisiología
TRIGO_G1_B4_Heat,Bloque_4,Calor,G1,simulado,E,2.24,Fisiología
TRIGO_G1_B4_Heat,Bloque_4,Calor,G1,simulado,Fv_Fm,0.788,Fisiología
TRIGO_G1_B4_Heat,Bloque_4,Calor,G1,simulado,SPAD,43.1,Fisiología
TRIGO_G1_B4_Heat,Bloque_4,Calor,G1,simulado,CTD,3.34,Fisiología
TRIGO_G1_B4_Heat,Bloque_4,Calor,G1,simulado,K_mg_g,35.04,Ionómica
TRIGO_G1_B4_Heat,Bloque_4,Calor,G1,simulado,Na_mg_g,1.65,Ionómica
TRIGO_G1_B4_Heat,Bloque_4,Calor,G1,simulado,Ca_mg_g,10.92,Ionómica
TRIGO_G1_B4_Heat,Bloque_4,Calor,G1,simulado,Mg_mg_g,3.21,Ionómica
TRIGO_G1_B4_Heat,Bloque_4,Calor,G1,simulado,P_mg_g,4.04,Ionómica
TRIGO_G1_B4_Heat,Bloque_4,Calor,G1,simulado,Fe_ug_g,114.5,Ionómica
TRIGO_G1_B4_Heat,Bloque_4,Calor,G1,simulado,Zn_ug_g,41,Ionómica
TRIGO_G1_B4_Heat,Bloque_4,Calor,G1,simulado,Mn_ug_g,63.2,Ionómica
TRIGO_G1_B4_Heat,Bloque_4,Calor,G1,simulado,Glucosa,109.28,Metabolómica
TRIGO_G1_B4_Heat,Bloque_4,Calor,G1,simulado,Fructosa,75.11,Metabolómica
TRIGO_G1_B4_Heat,Bloque_4,Calor,G1,simulado,Sacarosa,82.27,Metabolómica
TRIGO_G1_B4_Heat,Bloque_4,Calor,G1,simulado,Rafinosa,35.37,Metabolómica
TRIGO_G1_B4_Heat,Bloque_4,Calor,G1,simulado,Prolina,54.29,Metabolómica
TRIGO_G1_B4_Heat,Bloque_4,Calor,G1,simulado,GABA,56.92,Metabolómica
TRIGO_G1_B4_Heat,Bloque_4,Calor,G1,simulado,Malato,70.27,Metabolómica
TRIGO_G1_B4_Heat,Bloque_4,Calor,G1,simulado,Citrato,59.16,Metabolómica
TRIGO_G2_B4_Heat,Bloque_4,Calor,G2,simulado,A_net,9.62,Fisiología
TRIGO_G2_B4_Heat,Bloque_4,Calor,G2,simulado,gs,0.152,Fisiología
TRIGO_G2_B4_Heat,Bloque_4,Calor,G2,simulado,Ci,289.3,Fisiología
TRIGO_G2_B4_Heat,Bloque_4,Calor,G2,simulado,E,2.27,Fisiología
TRIGO_G2_B4_Heat,Bloque_4,Calor,G2,simulado,Fv_Fm,0.662,Fisiología
TRIGO_G2_B4_Heat,Bloque_4,Calor,G2,simulado,SPAD,30.4,Fisiología
TRIGO_G2_B4_Heat,Bloque_4,Calor,G2,simulado,CTD,1.16,Fisiología
TRIGO_G2_B4_Heat,Bloque_4,Calor,G2,simulado,K_mg_g,28.23,Ionómica
TRIGO_G2_B4_Heat,Bloque_4,Calor,G2,simulado,Na_mg_g,1.8,Ionómica
TRIGO_G2_B4_Heat,Bloque_4,Calor,G2,simulado,Ca_mg_g,10.17,Ionómica
TRIGO_G2_B4_Heat,Bloque_4,Calor,G2,simulado,Mg_mg_g,3.53,Ionómica
TRIGO_G2_B4_Heat,Bloque_4,Calor,G2,simulado,P_mg_g,4.24,Ionómica
TRIGO_G2_B4_Heat,Bloque_4,Calor,G2,simulado,Fe_ug_g,113,Ionómica
TRIGO_G2_B4_Heat,Bloque_4,Calor,G2,simulado,Zn_ug_g,40.8,Ionómica
TRIGO_G2_B4_Heat,Bloque_4,Calor,G2,simulado,Mn_ug_g,64.1,Ionómica
TRIGO_G2_B4_Heat,Bloque_4,Calor,G2,simulado,Glucosa,79.62,Metabolómica
TRIGO_G2_B4_Heat,Bloque_4,Calor,G2,simulado,Fructosa,62.85,Metabolómica
TRIGO_G2_B4_Heat,Bloque_4,Calor,G2,simulado,Sacarosa,69.79,Metabolómica
TRIGO_G2_B4_Heat,Bloque_4,Calor,G2,simulado,Rafinosa,51.38,Metabolómica
TRIGO_G2_B4_Heat,Bloque_4,Calor,G2,simulado,Prolina,73.13,Metabolómica
TRIGO_G2_B4_Heat,Bloque_4,Calor,G2,simulado,GABA,74.98,Metabolómica
TRIGO_G2_B4_Heat,Bloque_4,Calor,G2,simulado,Malato,48.46,Metabolómica
TRIGO_G2_B4_Heat,Bloque_4,Calor,G2,simulado,Citrato,32.48,Metabolómica
TRIGO_G3_B4_Heat,Bloque_4,Calor,G3,simulado,A_net,16.43,Fisiología
TRIGO_G3_B4_Heat,Bloque_4,Calor,G3,simulado,gs,0.169,Fisiología
TRIGO_G3_B4_Heat,Bloque_4,Calor,G3,simulado,Ci,266.6,Fisiología
TRIGO_G3_B4_Heat,Bloque_4,Calor,G3,simulado,E,2.21,Fisiología
TRIGO_G3_B4_Heat,Bloque_4,Calor,G3,simulado,Fv_Fm,0.783,Fisiología
TRIGO_G3_B4_Heat,Bloque_4,Calor,G3,simulado,SPAD,42.3,Fisiología
TRIGO_G3_B4_Heat,Bloque_4,Calor,G3,simulado,CTD,3.02,Fisiología
TRIGO_G3_B4_Heat,Bloque_4,Calor,G3,simulado,K_mg_g,34.44,Ionómica
TRIGO_G3_B4_Heat,Bloque_4,Calor,G3,simulado,Na_mg_g,1.76,Ionómica
TRIGO_G3_B4_Heat,Bloque_4,Calor,G3,simulado,Ca_mg_g,12.01,Ionómica
TRIGO_G3_B4_Heat,Bloque_4,Calor,G3,simulado,Mg_mg_g,2.92,Ionómica
TRIGO_G3_B4_Heat,Bloque_4,Calor,G3,simulado,P_mg_g,4.18,Ionómica
TRIGO_G3_B4_Heat,Bloque_4,Calor,G3,simulado,Fe_ug_g,104.1,Ionómica
TRIGO_G3_B4_Heat,Bloque_4,Calor,G3,simulado,Zn_ug_g,40.9,Ionómica
TRIGO_G3_B4_Heat,Bloque_4,Calor,G3,simulado,Mn_ug_g,61.6,Ionómica
TRIGO_G3_B4_Heat,Bloque_4,Calor,G3,simulado,Glucosa,100.69,Metabolómica
TRIGO_G3_B4_Heat,Bloque_4,Calor,G3,simulado,Fructosa,77.45,Metabolómica
TRIGO_G3_B4_Heat,Bloque_4,Calor,G3,simulado,Sacarosa,73.7,Metabolómica
TRIGO_G3_B4_Heat,Bloque_4,Calor,G3,simulado,Rafinosa,40.07,Metabolómica
TRIGO_G3_B4_Heat,Bloque_4,Calor,G3,simulado,Prolina,60.83,Metabolómica
TRIGO_G3_B4_Heat,Bloque_4,Calor,G3,simulado,GABA,73.5,Metabolómica
TRIGO_G3_B4_Heat,Bloque_4,Calor,G3,simulado,Malato,57.64,Metabolómica
TRIGO_G3_B4_Heat,Bloque_4,Calor,G3,simulado,Citrato,50.05,Metabolómica
TRIGO_G4_B4_Heat,Bloque_4,Calor,G4,simulado,A_net,8.39,Fisiología
TRIGO_G4_B4_Heat,Bloque_4,Calor,G4,simulado,gs,0.152,Fisiología
TRIGO_G4_B4_Heat,Bloque_4,Calor,G4,simulado,Ci,312.9,Fisiología
TRIGO_G4_B4_Heat,Bloque_4,Calor,G4,simulado,E,1.66,Fisiología
TRIGO_G4_B4_Heat,Bloque_4,Calor,G4,simulado,Fv_Fm,0.681,Fisiología
TRIGO_G4_B4_Heat,Bloque_4,Calor,G4,simulado,SPAD,32.8,Fisiología
TRIGO_G4_B4_Heat,Bloque_4,Calor,G4,simulado,CTD,1.12,Fisiología
TRIGO_G4_B4_Heat,Bloque_4,Calor,G4,simulado,K_mg_g,27.58,Ionómica
TRIGO_G4_B4_Heat,Bloque_4,Calor,G4,simulado,Na_mg_g,1.85,Ionómica
TRIGO_G4_B4_Heat,Bloque_4,Calor,G4,simulado,Ca_mg_g,11.13,Ionómica
TRIGO_G4_B4_Heat,Bloque_4,Calor,G4,simulado,Mg_mg_g,2.86,Ionómica
TRIGO_G4_B4_Heat,Bloque_4,Calor,G4,simulado,P_mg_g,4.87,Ionómica
TRIGO_G4_B4_Heat,Bloque_4,Calor,G4,simulado,Fe_ug_g,110.6,Ionómica
TRIGO_G4_B4_Heat,Bloque_4,Calor,G4,simulado,Zn_ug_g,43,Ionómica
TRIGO_G4_B4_Heat,Bloque_4,Calor,G4,simulado,Mn_ug_g,63.4,Ionómica
TRIGO_G4_B4_Heat,Bloque_4,Calor,G4,simulado,Glucosa,104.73,Metabolómica
TRIGO_G4_B4_Heat,Bloque_4,Calor,G4,simulado,Fructosa,69.68,Metabolómica
TRIGO_G4_B4_Heat,Bloque_4,Calor,G4,simulado,Sacarosa,95.2,Metabolómica
TRIGO_G4_B4_Heat,Bloque_4,Calor,G4,simulado,Rafinosa,45.34,Metabolómica
TRIGO_G4_B4_Heat,Bloque_4,Calor,G4,simulado,Prolina,60.03,Metabolómica
TRIGO_G4_B4_Heat,Bloque_4,Calor,G4,simulado,GABA,62.54,Metabolómica
TRIGO_G4_B4_Heat,Bloque_4,Calor,G4,simulado,Malato,58.18,Metabolómica
TRIGO_G4_B4_Heat,Bloque_4,Calor,G4,simulado,Citrato,48.62,Metabolómica
TRIGO_G5_B4_Heat,Bloque_4,Calor,G5,simulado,A_net,9.61,Fisiología
TRIGO_G5_B4_Heat,Bloque_4,Calor,G5,simulado,gs,0.11,Fisiología
TRIGO_G5_B4_Heat,Bloque_4,Calor,G5,simulado,Ci,305,Fisiología
TRIGO_G5_B4_Heat,Bloque_4,Calor,G5,simulado,E,1.51,Fisiología
TRIGO_G5_B4_Heat,Bloque_4,Calor,G5,simulado,Fv_Fm,0.657,Fisiología
TRIGO_G5_B4_Heat,Bloque_4,Calor,G5,simulado,SPAD,35.5,Fisiología
TRIGO_G5_B4_Heat,Bloque_4,Calor,G5,simulado,CTD,0.98,Fisiología
TRIGO_G5_B4_Heat,Bloque_4,Calor,G5,simulado,K_mg_g,26.77,Ionómica
TRIGO_G5_B4_Heat,Bloque_4,Calor,G5,simulado,Na_mg_g,1.68,Ionómica
TRIGO_G5_B4_Heat,Bloque_4,Calor,G5,simulado,Ca_mg_g,11.94,Ionómica
TRIGO_G5_B4_Heat,Bloque_4,Calor,G5,simulado,Mg_mg_g,3.19,Ionómica
TRIGO_G5_B4_Heat,Bloque_4,Calor,G5,simulado,P_mg_g,4.38,Ionómica
TRIGO_G5_B4_Heat,Bloque_4,Calor,G5,simulado,Fe_ug_g,114.5,Ionómica
TRIGO_G5_B4_Heat,Bloque_4,Calor,G5,simulado,Zn_ug_g,40.9,Ionómica
TRIGO_G5_B4_Heat,Bloque_4,Calor,G5,simulado,Mn_ug_g,66.3,Ionómica
TRIGO_G5_B4_Heat,Bloque_4,Calor,G5,simulado,Glucosa,103.67,Metabolómica
TRIGO_G5_B4_Heat,Bloque_4,Calor,G5,simulado,Fructosa,73.75,Metabolómica
TRIGO_G5_B4_Heat,Bloque_4,Calor,G5,simulado,Sacarosa,63.09,Metabolómica
TRIGO_G5_B4_Heat,Bloque_4,Calor,G5,simulado,Rafinosa,47.16,Metabolómica
TRIGO_G5_B4_Heat,Bloque_4,Calor,G5,simulado,Prolina,70.52,Metabolómica
TRIGO_G5_B4_Heat,Bloque_4,Calor,G5,simulado,GABA,63.23,Metabolómica
TRIGO_G5_B4_Heat,Bloque_4,Calor,G5,simulado,Malato,59.98,Metabolómica
TRIGO_G5_B4_Heat,Bloque_4,Calor,G5,simulado,Citrato,46.15,Metabolómica
